slide,split,x,y,w,h
1692243679116,1,0.473875,0.27225,0.05175,0.0495
IMG00012,1,0.045525,0.309028,0.089506,0.11034
IMG00012,1,0.081019,0.400463,0.112654,0.103395
IMG00012,1,0.184799,0.517747,0.093364,0.12037
IMG00012,1,0.282022,0.490741,0.104167,0.108025
IMG00012,1,0.325617,0.396219,0.109568,0.104167
IMG00012,1,0.45409,0.35108,0.124228,0.109568
IMG00012,1,0.388117,0.597994,0.115741,0.101852
IMG00012,1,0.501929,0.627701,0.114969,0.113426
IMG00012,1,0.518133,0.508488,0.099537,0.12963
IMG00012,1,0.185957,0.66358,0.103395,0.108025
IMG00012,1,0.322531,0.748071,0.114198,0.130401
IMG00012,1,0.526235,0.816744,0.103395,0.116512
IMG00012,1,0.726852,0.45409,0.108025,0.107253
IMG00012,1,0.66088,0.549383,0.113426,0.109568
IMG00012,1,0.772377,0.587963,0.125,0.115741
IMG00012,1,0.664352,0.697531,0.109568,0.101852
IMG00012,1,0.9375,0.669753,0.103395,0.095679
IMG00012,1,0.903935,0.507716,0.121142,0.109568
IMG01204,1,0.225694,0.712384,0.147377,0.126929
IMG01204,1,0.412809,0.423997,0.122685,0.119599
IMG01204,1,0.511574,0.47338,0.109568,0.108796
IMG01204,1,0.502122,0.359375,0.120756,0.121528
IMG01204,1,0.730131,0.28588,0.130787,0.117284
IMG01204,1,0.93287,0.618056,0.128086,0.114198
IMG01204,1,0.887539,0.506559,0.13233,0.135802
IMG01204,1,0.640432,0.499614,0.119599,0.114969
IMG01204,1,0.298997,0.486883,0.138117,0.171296
1692243677925,1,0.27625,0.48425,0.053,0.0405
1692243677925,1,0.48175,0.353,0.048,0.0545
1692243677925,1,0.66375,0.476875,0.059,0.05525
1692243678801,1,0.646625,0.664875,0.06525,0.06075
P_20221014_145326,1,0.516819,0.521918,0.057075,0.061198
1692243680119,1,0.380375,0.487125,0.07425,0.05525
1692243680119,1,0.46025,0.41,0.061,0.0675
1692243680119,1,0.6905,0.3625,0.0575,0.053
IMG01183,1,0.739583,0.360918,0.154321,0.127701
1692243678865,1,0.1615,0.421875,0.0705,0.06275
1692243678865,1,0.704,0.6335,0.0745,0.0685
1692243679868,1,0.34825,0.65,0.056,0.0475
P_20221014_150432,1,0.632595,0.644857,0.042535,0.046658
1692243680402,1,0.259125,0.22425,0.05475,0.047
1692243680402,1,0.44325,0.211875,0.0525,0.05275
1692243680402,1,0.582,0.201625,0.0625,0.06475
1692243680402,1,0.65775,0.670625,0.077,0.05925
1692243680402,1,0.631125,0.489375,0.06275,0.05575
1692243680595,1,0.366375,0.525625,0.06625,0.06675
P_20221014_145255,1,0.32194,0.403863,0.057943,0.059462
1692243679058,1,0.683625,0.390375,0.06025,0.06025
1692243678242,1,0.767125,0.425,0.05525,0.0465
IMG_20230628_184121,1,0.6705,0.316875,0.0505,0.04975
IMG_20230628_184121,1,0.40325,0.294875,0.0515,0.05625
IMG_20230628_184121,1,0.32525,0.314625,0.0455,0.03975
IMG_20230628_184121,1,0.215625,0.558375,0.05925,0.05325
IMG_20230628_184121,1,0.408875,0.6385,0.04575,0.0525
IMG_20230628_184121,1,0.661,0.750875,0.067,0.05075
IMG_20230628_184121,1,0.590125,0.539,0.04925,0.0405
IMG_20230628_184121,1,0.511875,0.372375,0.05225,0.03775
IMG_20230628_183729,1,0.347375,0.49725,0.03925,0.035
P_20221014_145142,1,0.684787,0.689887,0.054036,0.052951
1692243679402,1,0.78725,0.553,0.051,0.0465
1692243680311,1,0.388,0.204625,0.0555,0.06675
1692243680311,1,0.683375,0.2565,0.08225,0.0705
1692243680311,1,0.387375,0.456,0.05975,0.05
1692243680311,1,0.271,0.60675,0.0635,0.068
1692243680311,1,0.302875,0.64375,0.06575,0.056
IMG_1924,1,0.365203,0.266865,0.066716,0.062004
IMG_1924,1,0.467882,0.270089,0.044395,0.051587
IMG_1924,1,0.584821,0.301835,0.053075,0.046627
IMG_1924,1,0.498388,0.342882,0.049851,0.049851
IMG_1924,1,0.489707,0.385789,0.057788,0.048859
IMG_1924,1,0.578497,0.419519,0.045883,0.069196
IMG_1924,1,0.511781,0.698041,0.054812,0.048859
IMG_1924,1,0.590154,0.738467,0.045387,0.045883
IMG_1924,1,0.523438,0.770089,0.062748,0.058532
1692243678562,1,0.158125,0.39475,0.06175,0.0525
1692243678562,1,0.451125,0.57,0.04175,0.0425
IMG_0952,1,0.333946,0.247702,0.051471,0.055453
IMG_0952,1,0.338082,0.497089,0.051164,0.040748
IMG_0952,1,0.538603,0.547641,0.093137,0.133272
1692243678155,1,0.581875,0.3875,0.07675,0.0685
1692243678155,1,0.216,0.53375,0.0735,0.055
P_20221014_145104,1,0.26888,0.690321,0.052951,0.050781
P_20221014_145104,1,0.39822,0.580295,0.059462,0.058594
P_20221014_145104,1,0.551758,0.583008,0.057943,0.049696
P_20221014_145104,1,0.703668,0.523546,0.072266,0.065755
IMG_20230628_183855,1,0.318875,0.35925,0.05825,0.0475
1692243679877,1,0.179875,0.500125,0.06825,0.05625
P_20221014_151510,1,0.594293,0.676215,0.061849,0.049913
1692243680337,1,0.374,0.360125,0.0615,0.07725
1692243680337,1,0.4635,0.7,0.052,0.0525
1692243680337,1,0.653625,0.649,0.06525,0.074
IMG_20230628_183524,1,0.68825,0.44425,0.06,0.068
P_20221014_145248,1,0.528429,0.449978,0.054688,0.055339
IMG01154,1,0.470293,0.39429,0.108025,0.114198
IMG01154,1,0.334684,0.459298,0.091435,0.11304
IMG01154,1,0.454861,0.480517,0.090278,0.101466
IMG01154,1,0.613619,0.53125,0.09375,0.092593
IMG01154,1,0.683642,0.476659,0.100309,0.09375
IMG01154,1,0.690201,0.571759,0.121142,0.094136
IMG01154,1,0.64294,0.688272,0.146219,0.154321
IMG01154,1,0.476852,0.7826,0.084877,0.09375
IMG01154,1,0.22338,0.666281,0.123457,0.11034
IMG_20230628_184239,1,0.579375,0.356625,0.05625,0.06625
IMG_20230628_184239,1,0.640125,0.3665,0.06975,0.0535
IMG_20230628_184239,1,0.58225,0.437875,0.0425,0.05575
IMG_20230628_184239,1,0.63125,0.437125,0.056,0.04575
IMG_20230628_184239,1,0.3265,0.565625,0.05,0.04175
P_20221014_143712,1,0.649523,0.608832,0.049045,0.051432
1692243679309,1,0.258375,0.49875,0.07375,0.066
1692243679309,1,0.30425,0.52375,0.062,0.062
1692243680351,1,0.471875,0.24925,0.04925,0.05
1692243680351,1,0.7,0.26525,0.082,0.065
1692243680351,1,0.472,0.451,0.0645,0.058
1692243680351,1,0.37075,0.739625,0.06,0.05575
1692243680351,1,0.41475,0.767875,0.0645,0.06175
P_20221017_150059,1,0.749457,0.505317,0.07921,0.0727
IMG_20230628_184215,1,0.280375,0.645625,0.04225,0.06275
IMG_20230628_184215,1,0.311,0.566125,0.048,0.05525
IMG_20230628_184215,1,0.67125,0.504875,0.066,0.05725
IMG_20230628_184215,1,0.412875,0.83325,0.05675,0.0595
IMG_20230628_184215,1,0.47125,0.837875,0.059,0.05675
1692243678261,1,0.2535,0.523625,0.0605,0.04825
IMG00002,1,0.194059,0.344522,0.176698,0.130401
IMG00002,1,0.136574,0.502315,0.103395,0.141975
IMG00002,1,0.239583,0.506173,0.114969,0.123457
IMG00002,1,0.342593,0.46875,0.132716,0.130401
IMG00002,1,0.25,0.625772,0.12963,0.128086
IMG00002,1,0.36304,0.590664,0.121142,0.116512
IMG00002,1,0.372685,0.695602,0.152778,0.119599
IMG00002,1,0.079475,0.701775,0.131173,0.124228
IMG00002,1,0.441358,0.378472,0.112654,0.111883
IMG00002,1,0.521991,0.498071,0.175154,0.094907
IMG00002,1,0.592593,0.587191,0.103395,0.100309
IMG00002,1,0.665509,0.500772,0.097994,0.12963
IMG00002,1,0.762346,0.521991,0.117284,0.104167
IMG00002,1,0.759259,0.318287,0.135802,0.130401
IMG00002,1,0.866512,0.359182,0.115741,0.107253
IMG_0863,1,0.539939,0.169163,0.095238,0.095622
IMG_0863,1,0.471006,0.474654,0.093318,0.091398
IMG_0863,1,0.495008,0.550691,0.096006,0.09063
IMG_0863,1,0.649962,0.581221,0.090246,0.091014
IMG_0863,1,0.444892,0.817588,0.087942,0.084485
1692243678649,1,0.227,0.504625,0.0705,0.06975
1692243677854,1,0.359375,0.6155,0.05525,0.0585
1692243678133,1,0.509125,0.431875,0.04925,0.05525
1692243678133,1,0.77925,0.52075,0.056,0.0575
1692243679331,1,0.490875,0.679125,0.04775,0.05675
1692243678428,1,0.54925,0.540125,0.058,0.06025
1692243677878,1,0.516625,0.227875,0.05175,0.03975
1692243677878,1,0.589875,0.680125,0.04925,0.06825
1692243677878,1,0.811,0.4375,0.038,0.0385
1692243678495,1,0.5105,0.513625,0.043,0.05275
1692243678495,1,0.692375,0.609875,0.05225,0.04425
1692243678495,1,0.75575,0.597375,0.05,0.04725
1692243678495,1,0.433625,0.473,0.03025,0.0425
1692243679034,1,0.5015,0.29075,0.051,0.041
1692243679034,1,0.75625,0.356,0.049,0.0455
1692243679034,1,0.73,0.482625,0.0545,0.04825
1692243679034,1,0.624,0.64575,0.068,0.0605
1692243679287,1,0.33475,0.6095,0.066,0.065
1692243678887,1,0.474625,0.318625,0.06025,0.06675
1692243678020,1,0.27775,0.295875,0.0545,0.04525
1692243678020,1,0.540125,0.45525,0.05325,0.0495
1692243678020,1,0.520125,0.49975,0.04575,0.046
IMG_20230628_182840,1,0.18025,0.494875,0.066,0.07175
1692243678117,1,0.45375,0.587125,0.047,0.05925
1692243678117,1,0.57175,0.591875,0.0425,0.05125
1692243678117,1,0.638,0.209875,0.0505,0.04775
P_20221017_153636,1,0.425564,0.397895,0.069444,0.0727
1692243679379,1,0.231125,0.446125,0.04175,0.05825
1692243679379,1,0.239375,0.59225,0.05475,0.0415
P_20221014_144121,1,0.333984,0.532335,0.070747,0.054688
1692243677913,1,0.23625,0.45175,0.0455,0.05
1692243677913,1,0.414625,0.420125,0.04775,0.04825
IMG00100,1,0.32581,0.619213,0.126157,0.136574
IMG00100,1,0.596065,0.335648,0.116512,0.121914
1692243679992,1,0.210625,0.47775,0.05575,0.035
1692243679992,1,0.263625,0.437875,0.04625,0.04475
1692243679992,1,0.263375,0.505,0.04575,0.0385
1692243679992,1,0.301875,0.472625,0.04675,0.04925
1692243679992,1,0.335,0.491875,0.061,0.04175
1692243679992,1,0.351875,0.449375,0.05575,0.04525
1692243679068,1,0.50975,0.1975,0.0525,0.049
1692243679068,1,0.56825,0.206,0.0585,0.055
1692243678105,1,0.24875,0.509625,0.057,0.04825
1692243678105,1,0.28725,0.537875,0.0535,0.05225
1692243678105,1,0.39875,0.46425,0.043,0.046
1692243678105,1,0.38425,0.359875,0.037,0.04775
1692243678105,1,0.394375,0.399125,0.05175,0.04575
1692243678105,1,0.499625,0.404125,0.04125,0.04075
1692243678105,1,0.53225,0.398625,0.0505,0.04475
1692243678105,1,0.58625,0.599125,0.0565,0.05425
1692243678105,1,0.736625,0.620875,0.04525,0.05125
IMG_20230628_183532,1,0.618875,0.5995,0.05425,0.0585
IMG_20230628_183532,1,0.553,0.517,0.0545,0.047
IMG_20230628_183532,1,0.454375,0.570875,0.05625,0.05275
IMG_20230628_183532,1,0.5045,0.580125,0.057,0.06075
IMG_20230628_183532,1,0.47325,0.619125,0.05,0.04875
IMG_20230628_183532,1,0.196375,0.619,0.05075,0.043
1692243679414,1,0.41025,0.24125,0.044,0.0505
1692243679414,1,0.331,0.250375,0.0625,0.05275
1692243679414,1,0.2115,0.3145,0.047,0.04
1692243679414,1,0.15825,0.528625,0.063,0.05575
1692243679414,1,0.3315,0.513875,0.061,0.06325
1692243679414,1,0.581125,0.377375,0.05475,0.05075
1692243679414,1,0.656375,0.58325,0.05925,0.0665
IMG_20230628_185536,1,0.562625,0.2675,0.07275,0.074
IMG_20230628_185536,1,0.242375,0.36825,0.05825,0.053
IMG_20230628_185536,1,0.2695,0.3195,0.061,0.065
IMG_20230628_185536,1,0.41825,0.320125,0.0585,0.04725
1692243678226,1,0.788375,0.522625,0.05525,0.05275
1692243679426,1,0.454375,0.235625,0.05625,0.05925
1692243679426,1,0.1645,0.39975,0.0565,0.044
1692243679426,1,0.157125,0.513,0.05725,0.0485
1692243679426,1,0.314,0.43725,0.06,0.0675
IMG_20230628_184431,1,0.46925,0.6275,0.051,0.052
IMG_20230628_184431,1,0.441125,0.697875,0.05425,0.04575
1692243679723,1,0.366875,0.55425,0.05825,0.0565
IMG_20230628_185431,1,0.32375,0.3205,0.0545,0.0485
IMG_20230628_185431,1,0.41425,0.30025,0.04,0.0455
IMG_20230628_185431,1,0.5415,0.303625,0.05,0.05325
1692243678813,1,0.45825,0.325,0.046,0.0405
1692243678813,1,0.19675,0.615875,0.046,0.04825
IMG_1231,1,0.566578,0.161643,0.097714,0.111295
IMG_1231,1,0.513249,0.353925,0.070553,0.066578
IMG_1231,1,0.742961,0.372474,0.12057,0.108314
IMG_1231,1,0.269294,0.461742,0.056973,0.059622
IMG_1231,1,0.220768,0.529646,0.067903,0.070884
IMG_1231,1,0.107983,0.583968,0.065585,0.078172
IMG_1231,1,0.385724,0.65949,0.083803,0.071547
IMG_1231,1,0.418847,0.745611,0.058629,0.056973
IMG_1231,1,0.327261,0.729712,0.077509,0.099371
IMG_1231,1,0.277575,0.780225,0.079497,0.081153
IMG01141,1,0.315972,0.386574,0.123457,0.12963
IMG01141,1,0.405285,0.452739,0.163194,0.143904
IMG01141,1,0.562886,0.435957,0.115741,0.123457
IMG01141,1,0.678048,0.475887,0.13233,0.11304
1692243678629,1,0.404875,0.60025,0.06325,0.0565
P_20221014_143625,1,0.364909,0.432726,0.061849,0.061198
IMG_0344,1,0.454117,0.620412,0.067956,0.053819
IMG_0344,1,0.465774,0.679067,0.072421,0.069444
IMG_20230628_182604,1,0.246125,0.378125,0.08975,0.08625
IMG_20230628_182604,1,0.20225,0.336125,0.112,0.06625
IMG_20230628_182604,1,0.210875,0.27775,0.04825,0.069
IMG_20230628_190124,1,0.626625,0.298125,0.07125,0.06525
IMG_20230628_190124,1,0.70975,0.47675,0.0625,0.0555
IMG_20230628_190124,1,0.651625,0.548125,0.06125,0.05875
IMG_20230628_183044,1,0.71775,0.458125,0.0615,0.06875
IMG_20230628_183044,1,0.546875,0.455625,0.05875,0.07025
IMG_20230628_190020,1,0.301,0.746125,0.0645,0.06025
IMG_20230628_190020,1,0.5225,0.64125,0.074,0.062
1692243679473,1,0.278125,0.45925,0.05475,0.058
IMG_20230628_184106,1,0.42625,0.49375,0.0515,0.048
IMG_20230628_184106,1,0.364875,0.553875,0.05575,0.05075
IMG_20230628_184106,1,0.330875,0.53425,0.04925,0.0465
1692243678169,1,0.366,0.39975,0.0425,0.0465
1692243678169,1,0.762,0.334,0.057,0.0575
1692243678169,1,0.547125,0.638,0.04625,0.0485
1692243679595,1,0.32825,0.4125,0.053,0.0485
IMG_20230628_185453,1,0.702,0.411125,0.058,0.05325
IMG_20230628_185453,1,0.61225,0.679625,0.043,0.04575
IMG_20230628_185453,1,0.47825,0.321,0.052,0.0515
1692243678965,1,0.224,0.55875,0.0485,0.047
1692243678965,1,0.2605,0.606375,0.0585,0.04825
1692243678965,1,0.515375,0.623625,0.05525,0.04975
1692243678965,1,0.661125,0.564125,0.05125,0.04775
1692243678965,1,0.466125,0.61725,0.04225,0.0375
1692243677973,1,0.695875,0.527125,0.04275,0.04475
1692243677973,1,0.720625,0.492375,0.06825,0.06625
IMG_20230628_185426,1,0.18775,0.436625,0.0595,0.04775
IMG_20230628_185426,1,0.751875,0.515875,0.05175,0.07225
IMG_20230628_185426,1,0.21625,0.5495,0.091,0.0645
IMG00006,1,0.281443,0.263696,0.209491,0.120756
IMG00006,1,0.100887,0.604552,0.102238,0.111111
IMG00006,1,0.262731,0.614005,0.121914,0.119213
IMG00006,1,0.220293,0.717593,0.114198,0.102623
IMG00006,1,0.428241,0.663966,0.111111,0.107253
IMG00006,1,0.33314,0.545525,0.097608,0.104938
IMG00006,1,0.449074,0.467593,0.114969,0.106481
IMG00006,1,0.603202,0.57311,0.100694,0.103009
IMG00006,1,0.717593,0.56983,0.122685,0.121914
IMG00006,1,0.690201,0.745949,0.121914,0.123071
IMG00006,1,0.919753,0.609568,0.113426,0.113426
IMG00006,1,0.865162,0.392361,0.146991,0.10108
IMG00006,1,0.678627,0.369985,0.115741,0.108025
IMG01144,1,0.731289,0.23804,0.110725,0.092593
IMG01144,1,0.722994,0.31713,0.137346,0.094136
IMG01144,1,0.681713,0.419367,0.104167,0.10571
IMG01144,1,0.352623,0.554977,0.114198,0.137731
IMG01144,1,0.47473,0.569252,0.114583,0.099151
IMG01144,1,0.764082,0.595679,0.116898,0.115741
IMG01144,1,0.405478,0.604552,0.111883,0.074846
IMG01144,1,0.67091,0.734954,0.097994,0.096451
IMG_20230628_185015,1,0.24025,0.59325,0.0685,0.057
IMG_20230628_185015,1,0.346,0.551375,0.0565,0.05525
IMG_20230628_185015,1,0.47475,0.511125,0.0505,0.05325
IMG_20230628_185015,1,0.5305,0.521,0.0485,0.0435
1692243678920,1,0.73775,0.47,0.0595,0.0415
IMG_0527,1,0.4969,0.482143,0.050843,0.047619
IMG_0527,1,0.503596,0.577009,0.062748,0.057788
IMG_0527,1,0.628224,0.553075,0.041667,0.046131
IMG_0527,1,0.391493,0.640129,0.041915,0.053571
IMG_0527,1,0.383805,0.703869,0.044891,0.041171
1692243679801,1,0.459,0.38,0.053,0.048
1692243678439,1,0.524125,0.569125,0.08075,0.08025
1692243678439,1,0.5955,0.57725,0.0645,0.071
IMG_20230628_183313,1,0.738,0.509,0.055,0.053
IMG_20230628_183313,1,0.477375,0.433625,0.04525,0.05125
P_20221014_145157,1,0.349284,0.465712,0.056207,0.057726
1692243677950,1,0.375375,0.476,0.08125,0.075
1692243680660,1,0.525625,0.395875,0.05675,0.06275
1692243678203,1,0.512875,0.643875,0.05425,0.05675
IMG_20230628_185805,1,0.433125,0.6075,0.04175,0.0525
IMG_20230628_185805,1,0.455,0.573,0.045,0.053
IMG_20230628_185805,1,0.46175,0.82775,0.061,0.0585
IMG_9191,1,0.501838,0.508885,0.130515,0.119485
IMG00083,2,0.21277,0.661265,0.133102,0.10108
IMG00083,2,0.421296,0.4049,0.125772,0.121528
IMG00083,2,0.500386,0.448302,0.111111,0.108796
IMG00083,2,0.545332,0.334105,0.104552,0.104167
IMG00083,2,0.677469,0.442708,0.101852,0.092978
IMG00083,2,0.664931,0.289931,0.112269,0.10841
IMG00083,2,0.79321,0.429398,0.103395,0.121142
IMG00083,2,0.845293,0.258102,0.121914,0.121914
1692243679647,2,0.594375,0.419,0.05675,0.0585
1692243678530,2,0.38975,0.415125,0.0565,0.04425
IMG01137,2,0.478588,0.460455,0.140046,0.172454
1692243678954,2,0.1545,0.3825,0.05,0.0485
1692243678954,2,0.2695,0.597125,0.061,0.05375
1692243678954,2,0.354875,0.747625,0.05275,0.04925
1692243678954,2,0.52025,0.6245,0.039,0.049
1692243678954,2,0.519875,0.577875,0.04525,0.04775
1692243678954,2,0.60325,0.59175,0.0485,0.046
1692243678954,2,0.580375,0.538875,0.06825,0.05225
1692243678954,2,0.7425,0.380125,0.063,0.04675
1692243678954,2,0.54525,0.436125,0.0515,0.04625
1692243678954,2,0.586625,0.46925,0.05275,0.0575
IMG_20230628_190154,2,0.2565,0.667375,0.055,0.04925
IMG_20230628_190154,2,0.283875,0.636625,0.04525,0.05225
IMG_20230628_190154,2,0.324875,0.650875,0.05775,0.05325
IMG_20230628_190154,2,0.34175,0.613375,0.0495,0.04525
IMG_20230628_190154,2,0.4245,0.73,0.0495,0.06
IMG_20230628_190154,2,0.5325,0.746875,0.0485,0.04875
IMG_20230628_190154,2,0.6075,0.480875,0.043,0.04575
IMG_20230628_190154,2,0.68525,0.49025,0.0465,0.045
IMG_7022,2,0.589154,0.5769,0.067402,0.072304
IMG01185,2,0.415702,0.326003,0.133102,0.156636
IMG01185,2,0.390818,0.424576,0.108796,0.092978
1692243679524,2,0.521,0.550875,0.058,0.06325
IMG01162,2,0.71142,0.451968,0.020833,0.018904
IMG_8736,2,0.653646,0.458793,0.068321,0.065257
IMG_8736,2,0.596661,0.498775,0.084865,0.067402
IMG_8736,2,0.582108,0.554228,0.072917,0.074142
IMG_8736,2,0.51685,0.539062,0.071078,0.061581
IMG_8736,2,0.47932,0.58701,0.070772,0.07598
IMG_8736,2,0.744026,0.704044,0.092831,0.085172
IMG_8736,2,0.754596,0.772365,0.095588,0.059436
IMG_8736,2,0.764706,0.835478,0.120711,0.079044
1692243679826,2,0.62025,0.1935,0.058,0.0635
1692243679826,2,0.740375,0.517125,0.05525,0.06375
IMG_8746,2,0.562347,0.511949,0.07261,0.066176
IMG_8746,2,0.579657,0.572151,0.082108,0.07261
IMG_8746,2,0.503676,0.586703,0.066176,0.071078
IMG_8746,2,0.630515,0.632047,0.081495,0.083333
IMG_8746,2,0.446691,0.773131,0.083333,0.084865
IMG_8746,2,0.838848,0.673254,0.072917,0.071998
1692243677959,2,0.78125,0.516,0.0635,0.051
IMG_0546,2,0.490575,0.469494,0.051091,0.052083
IMG_0546,2,0.359747,0.52939,0.054315,0.049851
IMG_0546,2,0.355779,0.577133,0.046379,0.043155
IMG_0546,2,0.572421,0.544147,0.053075,0.051587
IMG_0546,2,0.34189,0.838294,0.065228,0.073413
1692243678352,2,0.695875,0.632,0.05475,0.0595
1692243678179,2,0.7005,0.559375,0.048,0.04725
1692243678179,2,0.573875,0.61725,0.04775,0.041
IMG01127,2,0.478781,0.51466,0.181327,0.169753
1692243679782,2,0.374625,0.55275,0.04925,0.0485
IMG_20230628_184439,2,0.593,0.4335,0.0575,0.056
IMG_20230628_184439,2,0.71375,0.48375,0.0575,0.0485
IMG_20230628_184439,2,0.657,0.54175,0.044,0.048
IMG_20230628_184439,2,0.662125,0.658,0.04975,0.0445
1692243678371,2,0.80025,0.506125,0.056,0.06025
IMG_0050,2,0.388021,0.448223,0.049326,0.045956
IMG_0050,2,0.379442,0.551317,0.040748,0.043199
IMG_0050,2,0.608609,0.646906,0.10815,0.151654
IMG_20230628_183509,2,0.207,0.465375,0.06,0.05975
IMG_20230628_183509,2,0.154875,0.462875,0.05175,0.05625
P_20221017_151640,2,0.48253,0.584527,0.068359,0.066189
1692243678721,2,0.204,0.367125,0.0675,0.05525
1692243678721,2,0.4095,0.619375,0.0425,0.04475
1692243678721,2,0.687,0.615375,0.035,0.04275
IMG_0499,2,0.505084,0.385417,0.134177,0.145833
IMG_0499,2,0.645957,0.351811,0.153522,0.181796
IMG_20230628_190102,2,0.542375,0.411625,0.04625,0.05275
IMG_20230628_190102,2,0.369875,0.4635,0.04925,0.047
IMG_20230628_190102,2,0.417125,0.467625,0.04875,0.05375
IMG_20230628_190102,2,0.364875,0.679,0.04675,0.0545
P_20221017_161058,2,0.70497,0.410373,0.053168,0.056424
P_20221017_161058,2,0.486328,0.67513,0.052083,0.056424
IMG_20230628_184535,2,0.39,0.347,0.0515,0.0545
IMG_20230628_184535,2,0.638625,0.73925,0.05525,0.0525
IMG_20230628_183120,2,0.541375,0.55575,0.06575,0.0635
IMG_20230628_183120,2,0.487,0.38375,0.063,0.059
1692243677869,2,0.6685,0.6835,0.0545,0.05
IMG_0649,2,0.362971,0.387525,0.055308,0.061756
IMG_0649,2,0.3812,0.511037,0.074901,0.077133
IMG_0649,2,0.606771,0.625124,0.06374,0.064732
1692243679712,2,0.576625,0.3865,0.05075,0.0445
1692243679712,2,0.374125,0.437375,0.04225,0.03675
IMG_20230628_182716,2,0.520125,0.4555,0.04575,0.0545
1692243678778,2,0.7415,0.673,0.0455,0.039
1692243678778,2,0.7805,0.5745,0.0445,0.044
1692243678778,2,0.529,0.364,0.0475,0.052
1692243678778,2,0.505,0.277875,0.0495,0.03725
1692243678778,2,0.539375,0.64675,0.04025,0.0435
1692243679264,2,0.60325,0.65875,0.067,0.064
IMG_20230628_190007,2,0.255875,0.42275,0.05475,0.0465
IMG_20230628_190007,2,0.5415,0.377375,0.068,0.06375
IMG_20230628_190007,2,0.63825,0.3725,0.053,0.0485
IMG_20230628_190007,2,0.671375,0.7065,0.06575,0.063
IMG_20230628_190007,2,0.710125,0.659,0.07075,0.07
IMG_20230628_190007,2,0.34975,0.73425,0.0535,0.049
Cópia de Plasmócitos 25,2,0.51454,0.504232,0.073785,0.0727
Cópia de Plasmócitos 25,2,0.563911,0.523763,0.0727,0.07053
IMG00237,2,0.427469,0.427469,0.271605,0.201389
IMG00237,2,0.242863,0.327546,0.111497,0.133488
IMG00237,2,0.405478,0.576968,0.147377,0.116898
IMG00237,2,0.302083,0.649306,0.111883,0.140432
IMG00237,2,0.809221,0.734954,0.111497,0.135031
IMG00237,2,0.85108,0.219522,0.12963,0.12963
IMG_20230628_182924,2,0.688625,0.468625,0.04725,0.03475
IMG01170,2,0.217207,0.502122,0.182099,0.178627
IMG01170,2,0.353781,0.40625,0.16358,0.239969
IMG01170,2,0.437693,0.533372,0.18017,0.259645
IMG01170,2,0.541474,0.43885,0.148534,0.10841
IMG01170,2,0.675733,0.426119,0.129244,0.171682
IMG01170,2,0.611304,0.326003,0.133873,0.12037
P_20221014_145331,2,0.63737,0.452799,0.062066,0.060981
1692243679175,2,0.495875,0.6405,0.07825,0.084
1692243680543,2,0.3895,0.309875,0.0655,0.05775
1692243680543,2,0.7145,0.625625,0.0755,0.06425
IMG_20230628_184724,2,0.517625,0.611375,0.05575,0.06775
IMG_20230628_184724,2,0.321875,0.431875,0.04725,0.04875
IMG_20230628_184724,2,0.5635,0.393375,0.056,0.06075
IMG_20230628_184450,2,0.5535,0.660375,0.058,0.05275
IMG_20230628_184450,2,0.29175,0.6505,0.071,0.069
IMG_20230628_184450,2,0.342375,0.561375,0.06125,0.05475
IMG_20230628_184450,2,0.689625,0.437,0.05925,0.061
IMG_20230628_184450,2,0.643625,0.469875,0.07625,0.07475
1692243680196,2,0.55475,0.201125,0.0515,0.04975
1692243680196,2,0.66925,0.454875,0.0485,0.04775
P_20221017_150415,2,0.502604,0.289931,0.078125,0.080295
1692243679893,2,0.27975,0.504125,0.0665,0.06125
1692243678574,2,0.585125,0.583375,0.05075,0.05525
1692243678574,2,0.37375,0.465125,0.0385,0.04175
1692243678591,2,0.5365,0.311875,0.0535,0.05875
IMG_20230628_183639,2,0.227625,0.519375,0.06625,0.05925
IMG_20230628_184148,2,0.47475,0.26675,0.044,0.0675
IMG_20230628_184148,2,0.530125,0.31825,0.06275,0.057
IMG_20230628_184148,2,0.607375,0.294125,0.04725,0.04975
IMG_20230628_184148,2,0.60475,0.3375,0.0595,0.044
IMG_20230628_184148,2,0.55425,0.82825,0.05,0.046
IMG01129,2,0.480517,0.483025,0.136188,0.150463
1692243679164,2,0.19825,0.501375,0.055,0.05125
P_20221017_153525,2,0.730469,0.581272,0.067274,0.066189
P_20221014_151318,2,0.438585,0.549805,0.047743,0.057509
IMG_20230628_185642,2,0.2595,0.621375,0.06,0.04825
IMG_20230628_185642,2,0.75,0.525875,0.048,0.05725
IMG_20230628_185642,2,0.728375,0.469125,0.06775,0.05475
1692243679253,2,0.205125,0.637625,0.06175,0.06575
IMG_20230628_185131,2,0.5345,0.560375,0.05,0.04925
IMG_20230628_185131,2,0.222,0.6385,0.0575,0.0555
IMG_20230628_185131,2,0.28175,0.631375,0.061,0.04525
IMG_20230628_185131,2,0.301,0.6765,0.0465,0.054
IMG_20230628_185131,2,0.2765,0.458625,0.058,0.04725
P_20221014_144024,2,0.179253,0.402561,0.087674,0.082899
P_20221014_144024,2,0.513563,0.410699,0.102214,0.073134
P_20221014_144024,2,0.41276,0.409831,0.080295,0.077908
P_20221014_144024,2,0.209744,0.469727,0.073134,0.065755
P_20221014_144024,2,0.26237,0.41786,0.086806,0.061849
P_20221014_144024,2,0.495877,0.518338,0.06684,0.060113
P_20221014_144024,2,0.299805,0.731337,0.073134,0.069878
P_20221014_144024,2,0.434028,0.745443,0.056858,0.088542
P_20221014_144024,2,0.725043,0.724501,0.074653,0.07704
P_20221014_144024,2,0.404297,0.477756,0.046007,0.053168
P_20221014_144024,2,0.448568,0.454102,0.092448,0.061849
P_20221017_153652,2,0.47602,0.451063,0.055339,0.055339
IMG_0349,2,0.309772,0.555184,0.061508,0.078621
IMG_0349,2,0.517981,0.510789,0.06374,0.070188
IMG_0349,2,0.552579,0.533234,0.046627,0.072917
IMG_0349,2,0.58755,0.495536,0.066964,0.054563
IMG_0349,2,0.58941,0.548735,0.047867,0.056796
IMG_0349,2,0.634797,0.550595,0.055804,0.053075
IMG_0349,2,0.648438,0.511533,0.065228,0.055308
IMG_0349,2,0.671503,0.470858,0.050843,0.048859
IMG_0349,2,0.627728,0.474702,0.041667,0.043155
IMG_20230628_184909,2,0.59575,0.455875,0.0615,0.05475
1692243679186,2,0.7335,0.6045,0.064,0.067
1692243680378,2,0.30075,0.2205,0.075,0.0635
1692243680378,2,0.300375,0.278125,0.05675,0.05875
1692243680378,2,0.790875,0.45075,0.06275,0.0585
IMG_0343,2,0.461558,0.159226,0.039187,0.041667
IMG_0343,2,0.386657,0.325273,0.045139,0.036954
IMG_0343,2,0.449529,0.532366,0.037946,0.042907
IMG_0343,2,0.488467,0.526042,0.046875,0.048611
IMG_0343,2,0.535466,0.532366,0.050595,0.047371
IMG_0343,2,0.558408,0.559896,0.045387,0.052827
IMG_0343,2,0.536954,0.584325,0.038194,0.053571
IMG_0343,2,0.510045,0.569072,0.045883,0.048363
IMG_0343,2,0.464162,0.569444,0.049355,0.046131
1692243679298,2,0.694,0.298625,0.064,0.05925
1692243679298,2,0.751125,0.582375,0.04125,0.04975
IMG_20230628_184948,2,0.15275,0.472,0.055,0.0495
IMG_20230628_184948,2,0.2135,0.453375,0.0585,0.04875
IMG_20230628_184948,2,0.247375,0.587875,0.05525,0.04575
IMG_20230628_184948,2,0.326,0.621625,0.049,0.04225
IMG_20230628_184948,2,0.457125,0.50475,0.05075,0.046
IMG_20230628_184948,2,0.409375,0.530875,0.05025,0.05475
IMG_20230628_184948,2,0.3845,0.614125,0.035,0.03225
1692243678195,2,0.334625,0.47725,0.04825,0.057
1692243678541,2,0.622125,0.280875,0.05175,0.05625
IMG_0348,2,0.579241,0.513393,0.109375,0.100694
IMG_0762,2,0.544271,0.408854,0.116319,0.12624
1692243678043,2,0.564,0.544,0.0375,0.045
1692243678043,2,0.743,0.397125,0.05,0.05125
IMG_20230628_183841,2,0.35375,0.709375,0.052,0.04225
IMG01133,2,0.155285,0.663194,0.143904,0.150463
IMG01133,2,0.240162,0.808642,0.133873,0.132716
IMG01133,2,0.273534,0.715856,0.159722,0.091435
IMG01133,2,0.401427,0.654707,0.106867,0.125772
IMG01133,2,0.418981,0.727431,0.108025,0.109182
IMG01133,2,0.659722,0.779321,0.117284,0.188272
IMG01133,2,0.77662,0.793789,0.111883,0.162423
IMG01133,2,0.622685,0.53125,0.114198,0.121142
IMG01133,2,0.899306,0.477816,0.127315,0.168596
IMG01133,2,0.596258,0.392361,0.14159,0.133488
IMG01133,2,0.673418,0.35571,0.11304,0.109568
IMG01133,2,0.294753,0.543596,0.199074,0.135031
IMG_20230628_185501,2,0.509,0.471125,0.062,0.06325
IMG_20230628_185501,2,0.612875,0.73825,0.05975,0.0675
IMG_20230628_185501,2,0.658375,0.693625,0.05375,0.06075
IMG_20230628_185501,2,0.369125,0.766375,0.05475,0.05725
IMG_2328,2,0.455525,0.276928,0.152884,0.175817
IMG_2328,2,0.501042,0.485407,0.206393,0.188325
IMG_2328,2,0.349201,0.675122,0.230716,0.224461
IMG_20230628_185656,2,0.657,0.35725,0.0615,0.054
IMG_20230628_185209,2,0.24325,0.311375,0.051,0.04325
IMG_20230628_185209,2,0.2295,0.360375,0.0625,0.05025
IMG_20230628_185209,2,0.515375,0.32575,0.04925,0.05
IMG_20230628_185209,2,0.230875,0.486875,0.05925,0.06275
IMG_20230628_185209,2,0.5675,0.763625,0.057,0.06075
IMG_20230628_185209,2,0.479,0.6105,0.0515,0.054
IMG_20230628_185209,2,0.643875,0.562875,0.04725,0.05125
IMG_20230628_185209,2,0.587875,0.528125,0.05375,0.04375
IMG_20230628_185209,2,0.692,0.7335,0.054,0.0575
1692243677886,2,0.44025,0.692875,0.041,0.04375
1692243677886,2,0.68425,0.55675,0.053,0.058
IMG_1919,2,0.44494,0.732763,0.049603,0.049355
P_20221017_145610,2,0.542752,0.380534,0.078125,0.068359
P_20221017_145610,2,0.793945,0.418511,0.053168,0.042318
P_20221017_145610,2,0.55089,0.748372,0.08138,0.08355
P_20221017_145610,2,0.399523,0.568251,0.062934,0.053168
P_20221017_145610,2,0.495551,0.582357,0.057509,0.044488
P_20221017_145610,2,0.493707,0.542752,0.05599,0.05599
1692243678876,2,0.774,0.5655,0.072,0.0685
1692243680428,2,0.359375,0.32575,0.05925,0.0605
1692243680428,2,0.305,0.712,0.0565,0.061
1692243680428,2,0.775875,0.45375,0.05175,0.0575
1692243680428,2,0.4855,0.3685,0.0455,0.0525
1692243680428,2,0.521125,0.358375,0.05525,0.06375
1692243680428,2,0.55375,0.3715,0.0365,0.053
1692243680428,2,0.5875,0.357125,0.044,0.05575
1692243680428,2,0.441875,0.31675,0.04425,0.0435
P_20221017_150440,2,0.32411,0.450521,0.094401,0.093316
IMG_20230628_184718,2,0.278875,0.363375,0.05725,0.05225
IMG_20230628_184718,2,0.534,0.368125,0.063,0.05425
IMG_20230628_184718,2,0.420375,0.596625,0.05875,0.06725
IMG_20230628_184718,2,0.33625,0.59525,0.0425,0.043
IMG_20230628_184718,2,0.587125,0.72975,0.06875,0.076
IMG_20230628_183932,2,0.567625,0.346625,0.05275,0.05025
IMG00264,2,0.156829,0.550733,0.123843,0.081404
1692243678362,2,0.72,0.409625,0.0775,0.05425
IMG00003,2,0.111111,0.489583,0.140432,0.10108
IMG00003,2,0.243441,0.442901,0.10571,0.112654
IMG00003,2,0.297454,0.525463,0.122685,0.112654
IMG00003,2,0.404321,0.572145,0.111111,0.113426
IMG00003,2,0.460262,0.501157,0.162809,0.088735
IMG00003,2,0.52392,0.405478,0.125,0.108796
IMG00003,2,0.460648,0.304398,0.111111,0.107253
IMG00003,2,0.314815,0.319444,0.118827,0.125
IMG00003,2,0.660108,0.381944,0.119599,0.12963
IMG00003,2,0.766975,0.425154,0.125,0.101852
IMG00003,2,0.627701,0.800154,0.125772,0.121914
IMG00003,2,0.869599,0.68287,0.134259,0.114198
IMG00003,2,0.89892,0.412037,0.141975,0.143519
IMG00003,2,0.904707,0.296296,0.119599,0.095679
P_20221017_144951,2,0.336046,0.503689,0.053168,0.058594
1692243679973,2,0.679875,0.661125,0.05825,0.04825
P_20221014_145210,2,0.397027,0.453668,0.066623,0.057943
P_20221014_145210,2,0.456163,0.591905,0.077257,0.056207
IMG_20230628_185638,2,0.401625,0.50175,0.05375,0.0535
IMG_20230628_185638,2,0.53475,0.5535,0.058,0.059
IMG_1935,2,0.254216,0.298239,0.057044,0.057292
IMG_1935,2,0.334201,0.590154,0.0687,0.053323
IMG_1935,2,0.392485,0.521949,0.056796,0.050347
IMG_1935,2,0.569196,0.444692,0.046131,0.047123
IMG_1935,2,0.823289,0.460565,0.06374,0.06498
IMG_1935,2,0.644593,0.610739,0.053075,0.048363
IMG_1935,2,0.711682,0.635665,0.0563,0.054067
1692243679343,2,0.35175,0.243625,0.0615,0.04625
1692243679343,2,0.579875,0.192375,0.05375,0.03975
1692243679343,2,0.713625,0.26275,0.04525,0.0455
1692243679343,2,0.75925,0.359375,0.0575,0.04475
1692243679343,2,0.566625,0.3875,0.04225,0.0365
1692243679343,2,0.33175,0.360125,0.0575,0.05375
1692243679343,2,0.173125,0.46075,0.05575,0.0505
1692243679343,2,0.309625,0.705125,0.04175,0.04125
1692243679343,2,0.333875,0.726875,0.03825,0.03875
1692243679343,2,0.3625,0.710625,0.038,0.03975
1692243679563,2,0.588125,0.4495,0.05825,0.0545
1692243679563,2,0.378875,0.5305,0.04825,0.0565
IMG01136,2,0.503858,0.516975,0.270062,0.25463
IMG_20230628_183901,2,0.451,0.3035,0.048,0.0555
IMG_20230628_183901,2,0.49925,0.304375,0.05,0.04625
IMG_20230628_183901,2,0.511625,0.35475,0.06225,0.054
IMG_20230628_183901,2,0.676375,0.45125,0.05775,0.0595
IMG_20230628_183901,2,0.23675,0.482125,0.0545,0.05775
IMG00879,2,0.281636,0.515046,0.123457,0.088735
IMG00879,2,0.438657,0.594522,0.10108,0.084105
IMG00879,2,0.578318,0.579861,0.165895,0.150463
IMG00879,2,0.476852,0.513889,0.114198,0.098765
IMG00879,2,0.63696,0.457176,0.13966,0.102623
IMG00879,2,0.559799,0.409722,0.108796,0.100309
IMG00879,2,0.553241,0.30054,0.118827,0.090278
IMG00879,2,0.647762,0.361497,0.10108,0.094907
IMG00879,2,0.673611,0.25733,0.117284,0.113426
IMG01130,2,0.462577,0.498457,0.128858,0.186728
1692243678743,2,0.22725,0.435875,0.073,0.05725
1692243678743,2,0.279875,0.451625,0.04175,0.03975
1692243678743,2,0.4,0.6445,0.035,0.0375
1692243678743,2,0.72225,0.67975,0.035,0.039
1692243678278,3,0.434625,0.620125,0.04475,0.04125
1692243678278,3,0.620875,0.677875,0.03725,0.03825
IMG01211,3,0.254244,0.325231,0.081019,0.115741
IMG01211,3,0.323495,0.268133,0.09838,0.078704
IMG01211,3,0.345486,0.351852,0.096836,0.103395
IMG01211,3,0.298997,0.401042,0.114198,0.080633
IMG01211,3,0.211227,0.69348,0.109954,0.104552
IMG01211,3,0.24865,0.839892,0.112269,0.070216
IMG01211,3,0.646605,0.752508,0.113426,0.09838
IMG01211,3,0.752122,0.70409,0.092978,0.111883
IMG01211,3,0.816165,0.647569,0.095293,0.105324
IMG01211,3,0.878472,0.656443,0.085648,0.130015
IMG01211,3,0.946181,0.604167,0.092207,0.092593
IMG01211,3,0.864776,0.548804,0.097608,0.09838
IMG01211,3,0.923418,0.501157,0.099923,0.11034
IMG01211,3,0.783565,0.542824,0.089506,0.118056
IMG01211,3,0.806713,0.454282,0.114198,0.08912
IMG01211,3,0.572917,0.528356,0.147377,0.09375
IMG01211,3,0.573495,0.447531,0.096065,0.08642
IMG01211,3,0.667631,0.44946,0.101466,0.087191
IMG01211,3,0.672261,0.37037,0.101466,0.10108
IMG01211,3,0.528935,0.352623,0.098765,0.111111
IMG01211,3,0.456211,0.359375,0.092978,0.10841
IMG01211,3,0.450617,0.453318,0.140432,0.118827
IMG01211,3,0.418403,0.555363,0.102238,0.085262
IMG01211,3,0.441937,0.185571,0.096065,0.12037
IMG01211,3,0.560764,0.177469,0.124614,0.10108
P_20221017_151819,3,0.702257,0.618164,0.075955,0.07053
1692243679793,3,0.777625,0.474375,0.06125,0.05675
IMG_20230628_190013,3,0.729125,0.642,0.05425,0.068
IMG_20230628_190013,3,0.347125,0.28475,0.04775,0.0495
IMG_20230628_190013,3,0.442375,0.276875,0.05075,0.04775
IMG_20230628_185832,3,0.22725,0.543625,0.063,0.05375
IMG_20230628_185832,3,0.355625,0.5145,0.05825,0.05
IMG_20230628_185832,3,0.474625,0.508125,0.05025,0.04925
IMG_20230628_185832,3,0.610875,0.462875,0.04625,0.03975
IMG_20230628_185832,3,0.65725,0.430625,0.05,0.04775
IMG_20230628_185832,3,0.736125,0.448,0.05375,0.0545
IMG_20230628_185832,3,0.704875,0.6525,0.05725,0.0565
IMG_20230628_184358,3,0.193875,0.598875,0.06325,0.05625
IMG_20230628_184358,3,0.41375,0.57775,0.0575,0.0595
IMG_20230628_184358,3,0.672125,0.6575,0.05525,0.056
1692243678325,3,0.215875,0.60475,0.05175,0.0535
1692243678325,3,0.732875,0.63,0.04475,0.0495
1692243678670,3,0.613875,0.64275,0.05225,0.0425
1692243678037,3,0.449,0.513,0.046,0.0545
IMG_20230628_185548,3,0.154375,0.488125,0.05075,0.04325
IMG_20230628_185548,3,0.4415,0.609125,0.0515,0.04675
IMG_20230628_185548,3,0.58875,0.72525,0.069,0.0555
IMG_20230628_185548,3,0.568875,0.50225,0.04975,0.048
IMG_20230628_185548,3,0.570375,0.419125,0.05225,0.05325
IMG_20230628_183303,3,0.24575,0.622375,0.067,0.07975
IMG_20230628_183303,3,0.15475,0.588875,0.059,0.07475
1692243680022,3,0.203875,0.38475,0.08075,0.0655
IMG_1931,3,0.436632,0.28373,0.082589,0.074901
IMG_1931,3,0.318576,0.535094,0.048859,0.052827
IMG_1931,3,0.488963,0.569196,0.043899,0.051091
IMG_1931,3,0.499876,0.464038,0.044891,0.049107
IMG_1931,3,0.576017,0.464162,0.054812,0.048859
IMG_1931,3,0.510417,0.65935,0.05506,0.052827
IMG_1931,3,0.660218,0.568576,0.05506,0.058284
1692243679221,3,0.28075,0.563875,0.063,0.05725
P_20221017_145002,3,0.636068,0.592122,0.049913,0.055339
P_20221017_145002,3,0.732639,0.702799,0.034722,0.046658
1692243678092,3,0.452375,0.2745,0.04825,0.0545
1692243678092,3,0.4325,0.426625,0.0495,0.05225
1692243678092,3,0.587375,0.30875,0.05225,0.045
1692243678092,3,0.664625,0.348125,0.04325,0.04375
1692243678621,3,0.21425,0.637,0.0715,0.061
1692243678621,3,0.7465,0.363875,0.0755,0.08025
1692243678583,3,0.6115,0.50725,0.0605,0.0495
1692243678700,3,0.442375,0.301375,0.05475,0.04825
1692243678700,3,0.213625,0.57325,0.04475,0.0465
1692243679810,3,0.488625,0.386375,0.04775,0.04775
IMG00233,3,0.061535,0.571566,0.118441,0.153164
IMG00233,3,0.217978,0.530093,0.229938,0.172068
IMG00233,3,0.429591,0.528164,0.146219,0.162809
IMG00233,3,0.637539,0.69483,0.118441,0.121142
IMG00233,3,0.503858,0.196181,0.140432,0.09375
IMG00233,3,0.517747,0.322917,0.12963,0.12963
IMG00233,3,0.61902,0.339313,0.089892,0.15162
IMG00233,3,0.560378,0.440779,0.126929,0.125386
IMG00233,3,0.758873,0.330247,0.1875,0.199846
IMG00233,3,0.759452,0.495756,0.119985,0.136574
IMG00233,3,0.851273,0.455054,0.165509,0.102238
IMG00877,3,0.336613,0.453704,0.100694,0.20679
IMG00877,3,0.452932,0.549576,0.126543,0.111497
IMG00007,3,0.204668,0.481674,0.107639,0.120756
IMG00007,3,0.155093,0.687114,0.209105,0.115741
IMG00007,3,0.378858,0.496914,0.125,0.11034
IMG00007,3,0.473187,0.403549,0.10841,0.114969
IMG00007,3,0.574267,0.576003,0.11767,0.125
IMG00007,3,0.737847,0.818866,0.146219,0.09838
IMG00007,3,0.874807,0.692901,0.101466,0.102623
IMG00007,3,0.666667,0.305941,0.113426,0.102623
IMG00007,3,0.728974,0.411651,0.110725,0.122685
IMG00007,3,0.847415,0.227238,0.105324,0.103395
IMG00007,3,0.94811,0.259259,0.103781,0.102623
P_20221017_144929,3,0.401693,0.487413,0.049913,0.049913
P_20221017_150830,3,0.353407,0.279622,0.07921,0.08355
P_20221017_150830,3,0.665907,0.78201,0.08355,0.07487
P_20221017_150830,3,0.623047,0.497179,0.097656,0.080295
P_20221017_150830,3,0.558485,0.43099,0.120443,0.073785
P_20221017_161331,3,0.584527,0.583442,0.050998,0.050998
IMG01119,3,0.515818,0.510031,0.127315,0.160494
1692243678999,3,0.406125,0.495125,0.06025,0.05925
1692243678469,3,0.606,0.64125,0.0435,0.0455
1692243678469,3,0.335125,0.527625,0.03525,0.05875
P_20221017_150455,3,0.340929,0.509657,0.073785,0.07487
P_20221017_150455,3,0.701172,0.512912,0.069444,0.0727
IMG_20230628_183823,3,0.7345,0.552,0.061,0.0555
1692243679949,3,0.38675,0.256,0.047,0.0505
1692243679949,3,0.462625,0.582,0.04575,0.05
1692243679949,3,0.478375,0.616875,0.04975,0.05075
1692243679949,3,0.570625,0.72275,0.05775,0.0445
1692243679949,3,0.486375,0.808,0.05225,0.0435
1692243678517,3,0.638875,0.485125,0.05825,0.05625
1692243678517,3,0.738875,0.32125,0.03975,0.046
1692243678517,3,0.354,0.7575,0.043,0.05
P_20221017_150542,3,0.768446,0.618164,0.084635,0.07487
P_20221017_150542,3,0.608398,0.488498,0.07487,0.065104
1692243679244,3,0.7345,0.55425,0.062,0.0495
1692243678100,3,0.54125,0.19075,0.0575,0.0565
1692243678100,3,0.514125,0.473125,0.05525,0.04925
1692243678100,3,0.682625,0.427375,0.04225,0.05275
1692243678100,3,0.716,0.358125,0.0495,0.04225
1692243678100,3,0.642625,0.727375,0.04725,0.05175
1692243680221,3,0.254,0.373,0.0465,0.044
1692243680221,3,0.63275,0.5865,0.048,0.052
1692243680246,3,0.448,0.278875,0.0505,0.04775
1692243680246,3,0.445,0.329625,0.056,0.05575
1692243680246,3,0.591875,0.358125,0.05525,0.06275
1692243680246,3,0.650375,0.384625,0.05675,0.03875
IMG_20230628_183832,3,0.4135,0.255125,0.056,0.04675
IMG_20230628_183832,3,0.396375,0.736875,0.05575,0.05275
IMG_20230628_183832,3,0.44425,0.6635,0.052,0.0455
IMG_20230628_183832,3,0.442375,0.730875,0.04925,0.05075
IMG_20230628_183832,3,0.413375,0.77125,0.04175,0.039
IMG_20230628_183832,3,0.3865,0.693,0.0635,0.0595
IMG_20230628_183832,3,0.317875,0.663,0.05175,0.0535
IMG_20230628_183832,3,0.44175,0.497125,0.0465,0.04975
IMG_20230628_183832,3,0.700125,0.528375,0.04825,0.04075
IMG_20230628_183832,3,0.662625,0.542875,0.04575,0.04625
1692243679616,3,0.2335,0.51675,0.052,0.047
IMG_20230628_183000,3,0.362875,0.364125,0.05175,0.04975
1692243679679,3,0.198125,0.49125,0.04675,0.046
1692243679679,3,0.152875,0.38225,0.04775,0.041
1692243679679,3,0.274375,0.33375,0.06675,0.0385
1692243679679,3,0.3875,0.417375,0.046,0.04375
1692243679679,3,0.4445,0.417875,0.055,0.04275
1692243679679,3,0.358625,0.63475,0.04575,0.0535
1692243679679,3,0.3695,0.575875,0.043,0.04475
1692243679679,3,0.541625,0.67375,0.04625,0.0415
1692243679679,3,0.61625,0.7215,0.054,0.049
1692243679679,3,0.50775,0.303125,0.0555,0.05275
1692243679679,3,0.556875,0.299625,0.04425,0.05675
IMG_0514,3,0.731523,0.534102,0.178819,0.156498
IMG_0514,3,0.709449,0.684896,0.189236,0.171379
IMG_0514,3,0.521453,0.483383,0.197669,0.194444
1692243679493,3,0.648875,0.621875,0.05825,0.05625
1692243678186,3,0.705625,0.637375,0.04725,0.04625
IMG_20230628_185926,3,0.23775,0.44725,0.0705,0.0685
IMG_20230628_185926,3,0.626,0.562625,0.063,0.06375
IMG_20230628_185926,3,0.55925,0.5325,0.0835,0.0835
IMG_20230628_185926,3,0.526625,0.576875,0.07975,0.06625
1692243679735,3,0.5305,0.38925,0.054,0.0575
1692243678381,3,0.5085,0.28075,0.0785,0.084
1692243678381,3,0.559375,0.233875,0.06025,0.05475
1692243678381,3,0.480125,0.32875,0.04625,0.053
1692243678381,3,0.778125,0.571375,0.05325,0.05325
1692243677995,3,0.52,0.417875,0.0425,0.04275
1692243677995,3,0.24625,0.434125,0.046,0.04325
1692243678149,3,0.214625,0.446125,0.05775,0.05375
P_20221014_145040,3,0.430013,0.455187,0.061849,0.051432
1692243679010,3,0.5965,0.212125,0.0565,0.05525
1692243679010,3,0.601,0.2675,0.0625,0.0465
1692243679010,3,0.473375,0.246875,0.05725,0.06225
1692243679010,3,0.511125,0.280375,0.06525,0.06275
1692243679010,3,0.17825,0.497125,0.0525,0.04625
1692243679010,3,0.298625,0.748625,0.04775,0.04675
1692243679502,3,0.753625,0.477125,0.06575,0.05825
1692243679502,3,0.7665,0.5365,0.085,0.075
IMG_0574,3,0.354911,0.388393,0.095238,0.085317
IMG_0574,3,0.409846,0.500744,0.084573,0.078869
IMG_0574,3,0.728423,0.399554,0.096726,0.09375
IMG_0574,3,0.824901,0.433656,0.06994,0.076637
IMG01206,3,0.505208,0.441358,0.181713,0.155864
IMG01206,3,0.469136,0.634452,0.147377,0.136188
IMG00247,3,0.186343,0.359182,0.117284,0.180556
IMG00247,3,0.417245,0.417245,0.13233,0.130787
IMG00247,3,0.264275,0.526813,0.135031,0.146219
IMG00247,3,0.133873,0.683835,0.128086,0.148534
1692243677903,3,0.633875,0.505375,0.08875,0.10525
IMG00014,3,0.154707,0.522184,0.121142,0.11304
IMG00014,3,0.199267,0.422454,0.116898,0.104938
IMG00014,3,0.33912,0.402585,0.130401,0.110725
IMG00014,3,0.72936,0.469136,0.099923,0.091821
IMG00014,3,0.8424,0.672647,0.13696,0.120756
IMG_20230628_185633,3,0.395125,0.305375,0.06775,0.06325
IMG_20230628_185633,3,0.216375,0.38325,0.06175,0.0575
1692243679982,3,0.528375,0.534125,0.05875,0.04725
1692243678845,3,0.618625,0.643625,0.05325,0.04825
P_20221014_152102,3,0.27474,0.452691,0.075955,0.071615
P_20221014_152102,3,0.524848,0.569336,0.0727,0.0727
P_20221014_152102,3,0.412543,0.779297,0.104167,0.110677
P_20221014_152102,3,0.381076,0.846571,0.088976,0.097656
1692243679941,3,0.244,0.613125,0.0565,0.05675
1692243679941,3,0.521,0.493,0.0465,0.0445
IMG00907,3,0.518519,0.541667,0.233025,0.208333
IMG_20230628_185201,3,0.6685,0.41625,0.0505,0.0565
IMG_20230628_185201,3,0.48525,0.53825,0.042,0.048
IMG_20230628_185201,3,0.413125,0.752,0.05175,0.0515
IMG_20230628_185201,3,0.24125,0.726125,0.0555,0.05725
IMG_20230628_183145,3,0.39625,0.75025,0.0675,0.0655
IMG_20230628_183145,3,0.329875,0.53525,0.06375,0.057
IMG_20230628_183145,3,0.281,0.552,0.051,0.0485
1692243679850,3,0.375,0.330625,0.0695,0.06275
P_20221014_143533,3,0.423177,0.548069,0.046441,0.0523
1692243679930,3,0.225,0.492875,0.0615,0.06525
1692243680581,3,0.6125,0.57125,0.059,0.0515
1692243678823,3,0.25625,0.609375,0.0425,0.04725
1692243678823,3,0.298625,0.612625,0.04475,0.04375
1692243678823,3,0.47225,0.556125,0.0365,0.04475
1692243678823,3,0.480125,0.6635,0.03825,0.038
1692243678823,3,0.7655,0.521375,0.042,0.04775
IMG_20230628_183629,3,0.33275,0.413625,0.0655,0.05975
1692243678211,3,0.6635,0.55,0.0495,0.053
P_20221017_153317,3,0.66862,0.614909,0.060764,0.064019
IMG_20230628_185508,3,0.68975,0.437375,0.072,0.06025
IMG_20230628_185508,3,0.57175,0.65825,0.0455,0.044
IMG_20230628_185508,3,0.49,0.673,0.048,0.0485
IMG_20230628_185508,3,0.531625,0.7,0.05275,0.058
IMG_20230628_185508,3,0.341375,0.59525,0.04925,0.054
P_20221014_144154,3,0.392144,0.60753,0.076389,0.077908
IMG_20230628_183912,3,0.202125,0.384125,0.05525,0.04025
IMG_20230628_183912,3,0.418375,0.740875,0.06025,0.07025
IMG_20230628_183912,3,0.5685,0.778125,0.05,0.05925
IMG_20230628_183912,3,0.618875,0.780875,0.05375,0.06425
IMG_20230628_183912,3,0.359375,0.620125,0.06075,0.05275
IMG_20230628_183912,3,0.2565,0.667375,0.052,0.05325
IMG_20230628_183912,3,0.287,0.638875,0.0445,0.03175
IMG_20230628_182857,3,0.355375,0.680125,0.05275,0.06175
IMG_20230628_182857,3,0.66875,0.533,0.0665,0.0645
IMG_0530,3,0.687748,0.303447,0.158234,0.148065
IMG_0530,3,0.722222,0.594494,0.192956,0.173611
IMG_0530,3,0.391245,0.791047,0.12624,0.160466
P_20221014_143831,3,0.427626,0.509549,0.095703,0.092448
1692243680147,3,0.4175,0.73775,0.057,0.056
1692243680147,3,0.6095,0.415375,0.0645,0.05675
IMG_0536,3,0.428309,0.385417,0.052696,0.043505
IMG_0536,3,0.82307,0.416667,0.060355,0.045956
IMG_0536,3,0.542739,0.54565,0.064645,0.068627
IMG01160,3,0.770062,0.234761,0.030093,0.028164
IMG01160,3,0.294946,0.401813,0.035108,0.032022
IMG01160,3,0.276235,0.419753,0.024691,0.027778
IMG01160,3,0.66088,0.527199,0.031636,0.021991
IMG01160,3,0.663194,0.546296,0.034722,0.022377
IMG01160,3,0.700424,0.549383,0.029707,0.02392
IMG01160,3,0.700039,0.571566,0.027392,0.021991
1692243680390,3,0.252,0.26075,0.0675,0.067
1692243680390,3,0.47825,0.268125,0.0585,0.05975
1692243680390,3,0.542875,0.2955,0.09475,0.0685
1692243680390,3,0.459625,0.419125,0.05525,0.05425
1692243680390,3,0.485375,0.536625,0.04975,0.05375
1692243680390,3,0.53175,0.584875,0.0535,0.05575
1692243680390,3,0.4635,0.704125,0.0535,0.05775
1692243680390,3,0.4295,0.681875,0.049,0.06175
IMG_20230628_182816,3,0.457125,0.60025,0.04875,0.0485
IMG_20230628_182816,3,0.3875,0.565,0.037,0.0365
IMG_20230628_182816,3,0.599375,0.59275,0.04775,0.0495
IMG_20230628_182816,3,0.435625,0.547875,0.02875,0.03475
IMG_20230628_182816,3,0.414875,0.518625,0.03975,0.04075
IMG_20230628_182816,3,0.379875,0.53,0.03825,0.038
IMG_20230628_182816,3,0.349375,0.50325,0.03375,0.039
IMG_1929,3,0.46379,0.40377,0.103175,0.096726
IMG_1929,3,0.398562,0.477431,0.099206,0.083829
IMG_1929,3,0.315476,0.485367,0.076885,0.079365
IMG_1929,3,0.423115,0.553075,0.087302,0.084821
IMG_1929,3,0.672991,0.635045,0.088046,0.082589
1692243679842,3,0.33025,0.448125,0.043,0.04575
1692243678459,3,0.54075,0.262,0.0495,0.0485
1692243678459,3,0.418375,0.342,0.07825,0.047
1692243678459,3,0.19525,0.4575,0.053,0.0435
IMG_7045,3,0.594516,0.636949,0.06587,0.063113
1692243679092,3,0.666875,0.5115,0.06475,0.055
1692243678506,3,0.2945,0.73,0.061,0.053
1692243678506,3,0.310125,0.511625,0.03775,0.03975
1692243678506,3,0.442375,0.19675,0.05125,0.046
IMG_20230628_184623,3,0.547625,0.47075,0.04625,0.04
IMG_20230628_184623,3,0.5595,0.79025,0.047,0.0485
IMG_20230628_184623,3,0.297625,0.313875,0.04525,0.03875
1692243678269,3,0.5115,0.609,0.043,0.047
1692243678269,3,0.146125,0.486625,0.04125,0.03825
1692243680517,3,0.7135,0.54125,0.0745,0.062
1692243680517,3,0.385,0.594375,0.048,0.04425
IMG_20230628_183114,3,0.31475,0.34125,0.052,0.0435
IMG_20230628_183114,3,0.35,0.370375,0.046,0.05475
1692243678448,3,0.392375,0.543125,0.05825,0.08025
1692243678448,3,0.499125,0.39825,0.04825,0.0525
1692243680233,3,0.297375,0.2205,0.05275,0.0585
1692243680233,3,0.396625,0.243625,0.05325,0.05325
1692243680233,3,0.781875,0.49475,0.06125,0.0515
IMG_20230628_190454,3,0.546625,0.634125,0.04725,0.05125
IMG_20230628_190454,3,0.558375,0.5475,0.04225,0.0475
IMG_20230628_190454,3,0.5225,0.399,0.049,0.0445
IMG_20230628_190454,3,0.413875,0.41475,0.05875,0.05
IMG_9495,3,0.580423,0.58027,0.131434,0.107843
1692243678931,3,0.517,0.46575,0.054,0.056
1692243679961,3,0.53525,0.164,0.057,0.0475
1692243679961,3,0.71475,0.299,0.047,0.0485
1692243679961,3,0.721375,0.3335,0.04325,0.0425
1692243679961,3,0.752,0.353875,0.048,0.04975
1692243679961,3,0.6685,0.321625,0.048,0.04725
1692243679961,3,0.61675,0.35875,0.043,0.0495
1692243679961,3,0.529375,0.37125,0.04875,0.0425
1692243679961,3,0.574,0.409625,0.0505,0.05575
1692243679961,3,0.716125,0.426375,0.05375,0.04525
1692243679961,3,0.773125,0.469,0.04275,0.051
1692243679961,3,0.59375,0.6015,0.0435,0.0395
1692243679961,3,0.622875,0.628625,0.04625,0.04525
1692243679961,3,0.4135,0.779375,0.052,0.05325
1692243679961,3,0.315125,0.76025,0.05175,0.0565
1692243679961,3,0.168125,0.484375,0.04975,0.04925
1692243679961,3,0.304375,0.447125,0.04075,0.04675
1692243680324,4,0.682,0.64025,0.072,0.0525
1692243678856,4,0.5155,0.521625,0.0635,0.05175
IMG_20230628_185306,4,0.218125,0.487,0.08475,0.074
IMG_20230628_185306,4,0.742375,0.514875,0.04925,0.05575
IMG00878,4,0.470679,0.25135,0.098765,0.104552
IMG00878,4,0.408565,0.312693,0.077932,0.100694
IMG00878,4,0.456211,0.402971,0.090664,0.106096
IMG00878,4,0.491512,0.495949,0.089506,0.087577
IMG00878,4,0.395448,0.495949,0.102623,0.081404
IMG00878,4,0.328704,0.535494,0.070988,0.097222
IMG00878,4,0.409529,0.581211,0.099151,0.100694
IMG00878,4,0.385417,0.658372,0.108796,0.109954
IMG_20230628_184732,4,0.298,0.40425,0.053,0.052
IMG_20230628_184732,4,0.73775,0.47575,0.0525,0.054
IMG_20230628_184732,4,0.658625,0.499375,0.04525,0.03925
IMG_20230628_184732,4,0.560125,0.740875,0.05275,0.05325
1692243678639,4,0.208125,0.5195,0.09175,0.0505
P_20221014_145007,4,0.509657,0.506293,0.0523,0.06033
1692243678027,4,0.17225,0.459875,0.046,0.04725
1692243678027,4,0.406,0.248625,0.05,0.04825
1692243678027,4,0.66575,0.482125,0.0525,0.04925
1692243678398,4,0.479,0.472,0.062,0.0515
IMG_20230628_184658,4,0.6855,0.42975,0.0455,0.0395
IMG_20230628_184658,4,0.72725,0.43675,0.0385,0.037
1692243679128,4,0.69075,0.277875,0.0615,0.05375
IMG_20230628_185218,4,0.429375,0.33725,0.06475,0.065
IMG_20230628_185218,4,0.51475,0.3675,0.056,0.044
IMG_20230628_185218,4,0.1755,0.56175,0.064,0.0575
P_20221017_161510,4,0.315972,0.35829,0.049913,0.056424
P_20221017_161510,4,0.770074,0.513455,0.046658,0.047743
1692243680272,4,0.667,0.23425,0.0635,0.059
1692243680272,4,0.40275,0.394875,0.067,0.05675
1692243680272,4,0.19175,0.512625,0.062,0.05775
1692243678162,4,0.1705,0.469375,0.0505,0.04625
IMG_20230628_184739,4,0.736125,0.559875,0.05375,0.05075
IMG_20230628_185842,4,0.614375,0.658375,0.05525,0.05875
IMG_20230628_185842,4,0.592875,0.542,0.04825,0.047
IMG_20230628_190524,4,0.240125,0.569,0.05175,0.053
IMG_20230628_190524,4,0.40175,0.327875,0.0555,0.04225
IMG_20230628_190524,4,0.536625,0.443625,0.05575,0.05275
IMG_20230628_190524,4,0.55375,0.53325,0.0495,0.047
IMG_20230628_190524,4,0.73525,0.569625,0.059,0.05325
IMG_20230628_190524,4,0.60725,0.458,0.061,0.0545
1692243680365,4,0.4235,0.1505,0.065,0.058
1692243680365,4,0.361125,0.41375,0.07975,0.075
1692243680365,4,0.52875,0.7705,0.0765,0.0665
1692243679047,4,0.18925,0.392375,0.0565,0.05275
1692243679461,4,0.414375,0.648625,0.05975,0.06425
1692243680184,4,0.480375,0.363625,0.04875,0.05175
IMG_0495,4,0.307416,0.411458,0.059772,0.054067
IMG_0495,4,0.272817,0.479291,0.05506,0.058284
IMG_0495,4,0.256944,0.632564,0.062004,0.065228
IMG_0495,4,0.577009,0.573041,0.045387,0.047867
IMG_0495,4,0.623884,0.561756,0.052331,0.060516
IMG_20230628_184444,4,0.50475,0.825625,0.0625,0.06325
IMG_20230628_184444,4,0.430875,0.513875,0.05675,0.05475
IMG_20230628_184444,4,0.324625,0.489625,0.05875,0.05325
IMG_20230628_184444,4,0.23,0.495875,0.0585,0.05125
IMG_20230628_184444,4,0.18625,0.483375,0.067,0.06125
IMG_20230628_184444,4,0.56475,0.48175,0.05,0.054
1692243679104,4,0.56225,0.376875,0.0565,0.04825
1692243678610,4,0.222875,0.589,0.06925,0.079
1692243678610,4,0.256875,0.520125,0.07325,0.05175
1692243678610,4,0.29875,0.532375,0.0605,0.05875
1692243678610,4,0.343625,0.6145,0.06625,0.058
1692243678610,4,0.375875,0.661375,0.05875,0.05275
1692243678610,4,0.42525,0.7015,0.069,0.0715
1692243678610,4,0.378625,0.553125,0.05875,0.04825
1692243678610,4,0.43625,0.620625,0.0845,0.04925
1692243678610,4,0.535375,0.680625,0.04775,0.05175
1692243678610,4,0.503125,0.60025,0.04225,0.0705
1692243678610,4,0.454,0.45175,0.0465,0.043
1692243678610,4,0.585125,0.6685,0.05525,0.0535
1692243678610,4,0.624375,0.647875,0.07675,0.04825
1692243678610,4,0.627875,0.6075,0.05925,0.043
1692243678610,4,0.708875,0.569875,0.07725,0.07325
1692243678610,4,0.659,0.533125,0.0635,0.05125
1692243678610,4,0.60075,0.522125,0.0635,0.05125
1692243678610,4,0.539375,0.516875,0.05925,0.05825
1692243678610,4,0.651375,0.480875,0.06125,0.05575
1692243678610,4,0.681125,0.454625,0.05175,0.05125
1692243678610,4,0.75975,0.455,0.0685,0.0575
1692243678610,4,0.740875,0.40025,0.07625,0.0635
1692243678610,4,0.7805,0.38025,0.061,0.058
1692243678610,4,0.644125,0.415125,0.07425,0.04525
1692243678610,4,0.29325,0.384625,0.055,0.05075
1692243678610,4,0.35175,0.395625,0.0675,0.05075
1692243678610,4,0.41825,0.424125,0.055,0.04725
1692243678610,4,0.379,0.340375,0.0675,0.07025
1692243678610,4,0.697125,0.293625,0.06975,0.06725
1692243678610,4,0.6845,0.243625,0.0775,0.05825
1692243678610,4,0.62175,0.241875,0.0575,0.06625
1692243678610,4,0.57925,0.223,0.0565,0.067
1692243678408,4,0.72125,0.464125,0.0775,0.06125
1692243678834,4,0.207125,0.363875,0.07125,0.04275
1692243678834,4,0.555875,0.39175,0.04175,0.043
1692243678834,4,0.59075,0.575375,0.068,0.04875
1692243678834,4,0.679625,0.581,0.05225,0.0485
IMG00245,4,0.229167,0.446952,0.290895,0.292052
IMG00245,4,0.091242,0.572338,0.106096,0.15162
IMG00245,4,0.206983,0.658951,0.133873,0.143519
IMG00245,4,0.609375,0.642361,0.128472,0.140432
IMG00245,4,0.844329,0.54321,0.107639,0.140432
IMG00245,4,0.92689,0.454475,0.126929,0.161265
IMG00245,4,0.856674,0.332369,0.123843,0.11304
1692243679574,4,0.573125,0.392875,0.05325,0.05825
IMG00085,4,0.661265,0.34375,0.190586,0.197531
IMG00085,4,0.168981,0.534336,0.112654,0.118827
1692243679512,4,0.642,0.535375,0.077,0.06975
IMG00008,4,0.287809,0.356096,0.109568,0.10108
IMG00008,4,0.239583,0.471836,0.161265,0.138117
IMG00008,4,0.237654,0.643133,0.115741,0.108796
IMG00008,4,0.438657,0.609182,0.141204,0.082562
IMG00008,4,0.482639,0.383102,0.11034,0.111883
IMG00008,4,0.592978,0.390046,0.116512,0.116512
IMG00008,4,0.588735,0.716049,0.171296,0.098765
IMG00008,4,0.612269,0.222222,0.111883,0.114198
IMG00008,4,0.872685,0.267747,0.109568,0.112654
IMG00008,4,0.87037,0.378858,0.145062,0.111111
IMG00099,4,0.497492,0.516782,0.130015,0.126157
1692243679584,4,0.248375,0.4805,0.05675,0.0435
1692243679584,4,0.511375,0.493,0.07625,0.0555
1692243679584,4,0.498,0.54625,0.0495,0.049
IMG_20230628_182915,4,0.4225,0.401375,0.056,0.05275
IMG_20230628_182915,4,0.476625,0.409,0.06025,0.04
IMG_20230628_182915,4,0.563375,0.282625,0.04025,0.05425
1692243678343,4,0.286625,0.633125,0.04175,0.05125
1692243678390,4,0.610125,0.512125,0.06075,0.06275
1692243678085,4,0.17625,0.436125,0.047,0.05725
1692243678085,4,0.46975,0.554875,0.0455,0.04025
1692243678085,4,0.66375,0.614875,0.0425,0.03975
1692243680160,4,0.265375,0.34825,0.05825,0.052
1692243680160,4,0.2035,0.36125,0.047,0.045
1692243680160,4,0.35175,0.5,0.0555,0.0575
IMG_20230628_185138,4,0.2955,0.3875,0.0595,0.06
IMG_20230628_185138,4,0.34075,0.3755,0.0535,0.051
IMG_20230628_185138,4,0.524125,0.43175,0.05875,0.049
IMG_20230628_185138,4,0.272875,0.488125,0.06375,0.05525
IMG_20230628_185138,4,0.60325,0.4815,0.047,0.0515
IMG01182,4,0.408565,0.67419,0.121914,0.130787
IMG01182,4,0.480903,0.528742,0.172454,0.140046
IMG01182,4,0.595872,0.470293,0.109182,0.155864
IMG01182,4,0.621914,0.586613,0.155093,0.178627
P_20221014_150450,4,0.226237,0.43316,0.064453,0.068142
IMG01120,4,0.542245,0.467593,0.120756,0.106481
P_20221014_151614,4,0.444553,0.452691,0.048828,0.047743
1692243680285,4,0.7325,0.508875,0.0605,0.06425
1692243680285,4,0.463875,0.172125,0.04925,0.05725
1692243680285,4,0.7005,0.244375,0.08,0.05375
1692243680285,4,0.586375,0.164875,0.05925,0.05425
IMG_20230628_184507,4,0.701625,0.5845,0.05325,0.046
IMG_20230628_184507,4,0.29125,0.605,0.0565,0.041
IMG_20230628_184507,4,0.390375,0.605,0.04925,0.0495
IMG_20230628_184155,4,0.15375,0.479125,0.057,0.06525
IMG_20230628_184155,4,0.3045,0.29775,0.064,0.0735
IMG_20230628_184155,4,0.61,0.478875,0.054,0.05275
IMG_20230628_184155,4,0.479125,0.528,0.06075,0.056
IMG_20230628_184155,4,0.424625,0.4825,0.03975,0.0635
IMG_20230628_184155,4,0.552625,0.508625,0.04575,0.04825
IMG_20230628_184155,4,0.551875,0.548625,0.05875,0.04225
IMG00568,4,0.461227,0.448302,0.140818,0.14892
IMG00238,4,0.776813,0.226466,0.109954,0.101852
IMG00238,4,0.123071,0.467593,0.114198,0.121142
IMG00238,4,0.79186,0.629437,0.126929,0.125386
IMG_20230628_183212,4,0.250625,0.434,0.05675,0.0695
IMG_20230628_183212,4,0.3355,0.46825,0.0585,0.075
IMG_20230628_190055,4,0.1975,0.51575,0.073,0.063
IMG_20230628_190055,4,0.407125,0.372375,0.04825,0.05775
IMG_20230628_190055,4,0.441,0.4415,0.051,0.05
IMG_20230628_190055,4,0.581625,0.43175,0.04975,0.053
1692243679553,4,0.197625,0.321,0.06025,0.058
1692243679553,4,0.326875,0.4695,0.08375,0.063
1692243679553,4,0.304,0.51525,0.079,0.0635
1692243677895,4,0.3385,0.647125,0.0465,0.04775
1692243678550,4,0.6075,0.500375,0.049,0.04125
1692243678550,4,0.1685,0.426125,0.057,0.04425
1692243680012,4,0.3125,0.601375,0.0595,0.06125
1692243680012,4,0.520125,0.613625,0.07075,0.06575
1692243680012,4,0.608875,0.557625,0.05425,0.05525
1692243678943,4,0.392125,0.182125,0.05425,0.05175
1692243678943,4,0.715625,0.278875,0.05175,0.05175
1692243678943,4,0.743875,0.50475,0.05675,0.054
IMG_20230628_184643,4,0.397,0.435125,0.064,0.06725
IMG_20230628_184643,4,0.64525,0.6215,0.046,0.0555
IMG_20230628_184643,4,0.6905,0.61725,0.047,0.045
IMG_20230628_184643,4,0.49425,0.5195,0.044,0.0525
IMG_20230628_184643,4,0.252375,0.466875,0.05475,0.04875
IMG_20230628_184643,4,0.4685,0.441875,0.0495,0.03675
IMG_20230628_184643,4,0.39575,0.650625,0.0465,0.04175
IMG_20230628_184643,4,0.37975,0.620625,0.0475,0.05175
IMG_20230628_183027,4,0.37025,0.379,0.077,0.0525
IMG_20230628_184923,4,0.340125,0.316625,0.06025,0.05175
IMG_20230628_184923,4,0.32875,0.365875,0.052,0.05325
IMG_20230628_184923,4,0.65075,0.331125,0.061,0.05675
IMG_20230628_184923,4,0.718125,0.49525,0.05125,0.049
IMG_20230628_184923,4,0.37375,0.695625,0.061,0.05975
IMG_20230628_184923,4,0.150375,0.577625,0.05025,0.06075
IMG_20230628_184900,4,0.4425,0.443375,0.046,0.04725
IMG_20230628_184900,4,0.339875,0.46125,0.04975,0.0465
IMG_20230628_184900,4,0.333125,0.414625,0.04025,0.04125
IMG00010,4,0.214892,0.276235,0.128858,0.101852
IMG00010,4,0.528164,0.559028,0.102623,0.118056
IMG00010,4,0.507716,0.79784,0.118827,0.123457
IMG00010,4,0.655478,0.679784,0.114969,0.125
IMG00010,4,0.87037,0.639275,0.118827,0.107253
IMG00010,4,0.881559,0.743827,0.113426,0.104938
IMG00010,4,0.631944,0.318673,0.103395,0.089506
IMG00010,4,0.765432,0.375,0.114198,0.111111
IMG_20230628_185256,4,0.305125,0.5245,0.05875,0.051
IMG_20230628_185256,4,0.393,0.473,0.0635,0.0515
IMG_20230628_185256,4,0.729875,0.431125,0.05475,0.05125
IMG_20230628_185256,4,0.5395,0.769375,0.0435,0.05575
1692243680001,4,0.34075,0.2715,0.0575,0.064
1692243680001,4,0.422,0.337125,0.0575,0.05725
1692243680001,4,0.392375,0.357875,0.05275,0.05475
1692243680001,4,0.39725,0.47125,0.0665,0.0645
1692243680001,4,0.453,0.476625,0.055,0.06325
1692243680001,4,0.58575,0.4725,0.067,0.0605
1692243680001,4,0.61025,0.643875,0.064,0.07075
1692243680001,4,0.75725,0.493,0.055,0.064
1692243679365,4,0.570375,0.63475,0.04475,0.0545
IMG_1850,4,0.713914,0.495784,0.071181,0.084325
IMG_20230628_184637,4,0.61675,0.373375,0.0555,0.04275
IMG_20230628_184637,4,0.52125,0.5175,0.0455,0.0555
P_20221017_161315,4,0.705512,0.384874,0.049913,0.053168
1692243678111,4,0.29325,0.34875,0.0485,0.0465
1692243678111,4,0.6455,0.2625,0.0575,0.06
1692243678111,4,0.214125,0.636125,0.04525,0.04675
1692243678755,4,0.345375,0.693125,0.04875,0.04175
1692243677981,4,0.795625,0.45,0.04825,0.074
1692243679745,4,0.4235,0.17425,0.0525,0.054
1692243679543,4,0.214875,0.554,0.06775,0.06
1692243679543,4,0.490875,0.503375,0.04975,0.05125
1692243679885,4,0.734,0.626875,0.07,0.06575
P_20221014_145236,4,0.446072,0.544054,0.050564,0.050781
IMG_20230628_185942,4,0.176,0.496125,0.085,0.07225
IMG_20230628_185942,4,0.319625,0.534625,0.07025,0.06775
IMG_20230628_185942,4,0.362125,0.555625,0.05225,0.06475
IMG_20230628_185942,4,0.354,0.71175,0.071,0.075
IMG_20230628_185755,4,0.3595,0.376125,0.064,0.07075
IMG_20230628_185755,4,0.22,0.63025,0.0625,0.051
IMG_20230628_185310,4,0.201,0.471,0.0815,0.063
IMG_20230628_185310,4,0.323125,0.5765,0.07375,0.0585
IMG_20230628_185730,4,0.719875,0.57175,0.04775,0.054
IMG_1937,4,0.392733,0.385293,0.052331,0.039931
IMG_1937,4,0.451637,0.470734,0.046627,0.045635
IMG_1937,4,0.384425,0.500868,0.047123,0.047867
IMG_1937,4,0.403646,0.574281,0.044395,0.046875
IMG_1937,4,0.37686,0.746156,0.076141,0.073661
IMG_1937,4,0.515129,0.616319,0.052579,0.048115
IMG_1937,4,0.581969,0.75496,0.043899,0.048611
IMG_1937,4,0.682168,0.558656,0.045883,0.059276
IMG_1937,4,0.622396,0.524182,0.046875,0.043403
IMG_1937,4,0.691592,0.399182,0.048363,0.050347
IMG_1937,4,0.715526,0.333333,0.041667,0.047123
1692243679691,4,0.313375,0.436375,0.05175,0.04825
1692243679691,4,0.424,0.5305,0.044,0.045
1692243679691,4,0.477875,0.75375,0.05425,0.052
1692243679691,4,0.52375,0.750625,0.0405,0.05575
IMG00000,4,0.858025,0.335262,0.136574,0.122685
IMG00000,4,0.730324,0.295139,0.131173,0.114969
IMG00000,4,0.623071,0.340278,0.132716,0.12037
IMG00000,4,0.501929,0.302083,0.12963,0.121142
IMG00000,4,0.434414,0.403549,0.122685,0.125
IMG00000,4,0.36034,0.326389,0.152006,0.141975
IMG00000,4,0.212577,0.418596,0.123457,0.111883
IMG00000,4,0.129244,0.538194,0.143519,0.14892
IMG00000,4,0.336806,0.554012,0.115741,0.123457
IMG00000,4,0.124228,0.673611,0.128858,0.12037
IMG00000,4,0.250386,0.679398,0.125,0.125772
IMG00000,4,0.174383,0.766975,0.118056,0.128086
IMG00000,4,0.362269,0.665509,0.106481,0.108796
IMG00000,4,0.48804,0.669367,0.148148,0.131944
IMG00000,4,0.479552,0.556327,0.134259,0.111111
IMG00000,4,0.607253,0.535494,0.121142,0.131173
IMG00000,4,0.679398,0.466821,0.134259,0.125
1692243678317,4,0.254375,0.50875,0.04475,0.0475
1692243678317,4,0.3165,0.282875,0.046,0.04125
1692243678317,4,0.48625,0.657625,0.039,0.04525
1692243678317,4,0.721125,0.58175,0.03775,0.054
1692243678482,4,0.28975,0.7315,0.0495,0.0465
1692243678482,4,0.556,0.434625,0.0435,0.04575
1692243678482,4,0.6605,0.35725,0.043,0.038
1692243678482,4,0.294125,0.24075,0.04175,0.0385
1692243679319,4,0.344625,0.22875,0.05375,0.048
1692243679659,4,0.3205,0.304375,0.047,0.05425
IMG01151,4,0.549383,0.480517,0.183642,0.178627
IMG01151,4,0.312693,0.280478,0.106867,0.097994
IMG01151,4,0.233796,0.577546,0.084877,0.082562
IMG01169,4,0.75733,0.220293,0.115741,0.125
IMG01169,4,0.5924,0.227045,0.13233,0.109954
IMG01169,4,0.730903,0.360532,0.135417,0.128472
IMG01169,4,0.259645,0.530671,0.136574,0.131559
IMG01169,4,0.476273,0.499035,0.136188,0.145448
IMG01169,4,0.34973,0.659144,0.135417,0.133873
1692243678601,4,0.224,0.645,0.06,0.0575
1692243678601,4,0.215375,0.417625,0.05525,0.04825
IMG_20230628_184543,4,0.686,0.474,0.05,0.0395
IMG_20230628_184543,4,0.6265,0.37825,0.0505,0.0485
1692243679700,4,0.2245,0.298875,0.055,0.04625
1692243679700,4,0.56525,0.66525,0.04,0.047
IMG_20230628_183938,4,0.616625,0.511625,0.05725,0.06175
1692243677966,4,0.751,0.575375,0.072,0.06775
1692243680504,4,0.567375,0.3135,0.06525,0.0515
1692243680504,4,0.629875,0.619125,0.04275,0.05175
1692243680504,4,0.66675,0.627875,0.0415,0.05825
1692243680504,4,0.7025,0.6435,0.043,0.055
IMG_20230628_184710,4,0.443,0.498625,0.0425,0.04175
IMG_20230628_184710,4,0.47375,0.7905,0.058,0.057
IMG_20230628_184710,4,0.470625,0.7265,0.03975,0.0445
IMG_20230628_184710,4,0.741,0.49625,0.048,0.056
IMG_20230628_184710,4,0.71375,0.5735,0.041,0.058
IMG_20230628_184710,4,0.642875,0.582,0.07075,0.052
IMG_20230628_184710,4,0.526375,0.585125,0.04225,0.04725
1692243679755,4,0.458,0.26825,0.0635,0.052
P_20221014_151942,4,0.347439,0.688694,0.091146,0.066189
IMG01205,4,0.857253,0.310957,0.180556,0.158179
IMG01205,4,0.819059,0.502508,0.146605,0.13233
P_20221017_151603,4,0.444553,0.699002,0.064019,0.069444
P_20221017_151603,4,0.308377,0.718533,0.086806,0.078125
1692243678004,4,0.354625,0.724125,0.04825,0.05725
1692243678004,4,0.370375,0.68125,0.05675,0.0535
1692243678004,4,0.350625,0.581875,0.05275,0.05225
1692243678004,4,0.412,0.60375,0.0495,0.046
P_20221017_150128,4,0.287218,0.47168,0.08138,0.07053
1692243679392,4,0.492375,0.5885,0.05725,0.0525
IMG_0563,5,0.503348,0.510045,0.106895,0.106895
IMG_0563,5,0.479663,0.40811,0.115575,0.109375
IMG_20230628_183846,5,0.18,0.394,0.06,0.0415
IMG_20230628_183846,5,0.193875,0.431375,0.06375,0.04525
IMG_20230628_183846,5,0.219,0.491375,0.0615,0.05825
IMG_20230628_183846,5,0.251875,0.45025,0.05175,0.0575
IMG_20230628_183846,5,0.291125,0.45875,0.03725,0.0475
IMG_20230628_183846,5,0.307,0.418375,0.0455,0.03975
IMG_20230628_183846,5,0.433375,0.389125,0.04925,0.04075
P_20221017_153440,5,0.637695,0.59592,0.068359,0.073785
P_20221017_153440,5,0.325738,0.509115,0.060764,0.082465
IMG00244,5,0.373071,0.459298,0.303241,0.248071
IMG00244,5,0.269097,0.303627,0.197145,0.11034
IMG00244,5,0.171103,0.623843,0.177855,0.133488
IMG00244,5,0.516397,0.5625,0.140818,0.143519
IMG00244,5,0.853974,0.783565,0.146219,0.103395
P_20221014_143350,5,0.480794,0.548177,0.047526,0.056424
P_20221017_151847,5,0.325195,0.715278,0.07921,0.080295
1692243678334,5,0.179,0.396875,0.049,0.05175
1692243678334,5,0.320625,0.406375,0.04825,0.04775
1692243677988,5,0.51525,0.46575,0.062,0.052
1692243677862,5,0.41075,0.32725,0.047,0.05
1692243677862,5,0.724375,0.502625,0.04175,0.05075
1692243677862,5,0.685125,0.693375,0.06475,0.04425
1692243680208,5,0.549625,0.158875,0.05275,0.05375
1692243680208,5,0.421875,0.3895,0.05175,0.058
1692243680259,5,0.46625,0.368125,0.0865,0.09575
1692243680259,5,0.558375,0.34575,0.04475,0.043
1692243680259,5,0.3825,0.272625,0.0555,0.04625
1692243680259,5,0.66775,0.34975,0.0495,0.055
1692243680259,5,0.67425,0.439625,0.05,0.05275
IMG_20230628_185123,5,0.256875,0.507125,0.07175,0.06625
IMG_20230628_185237,5,0.321875,0.592875,0.08825,0.08525
IMG_20230628_185519,5,0.703375,0.6915,0.05275,0.062
IMG00005,5,0.078704,0.597608,0.111111,0.179784
IMG00005,5,0.24267,0.773534,0.118056,0.099537
IMG00005,5,0.46412,0.539738,0.113426,0.102623
IMG00005,5,0.454475,0.659336,0.121914,0.136574
IMG00005,5,0.589892,0.472994,0.118056,0.126543
IMG00005,5,0.805556,0.531636,0.111111,0.125
IMG00005,5,0.329861,0.325231,0.121142,0.108796
IMG00005,5,0.415895,0.275849,0.103395,0.102623
IMG00005,5,0.520448,0.258488,0.111883,0.149691
IMG00005,5,0.54784,0.355324,0.121914,0.10571
IMG00239,5,0.265625,0.202932,0.129244,0.118827
IMG00239,5,0.082948,0.533565,0.114198,0.140432
IMG00239,5,0.339313,0.474537,0.139275,0.135031
IMG00239,5,0.45081,0.58044,0.130787,0.143133
IMG00239,5,0.380787,0.29456,0.122685,0.122299
IMG00239,5,0.808449,0.570795,0.146219,0.118441
IMG00239,5,0.67419,0.192515,0.207948,0.128086
IMG00239,5,0.90162,0.811921,0.122685,0.104552
IMG00239,5,0.528164,0.418403,0.180556,0.260417
P_20221014_150005,5,0.448459,0.467665,0.0523,0.049045
1692243679636,5,0.255875,0.509625,0.04975,0.04775
1692243678789,5,0.687375,0.599375,0.04375,0.04525
1692243678789,5,0.200625,0.50975,0.04175,0.042
IMG_20230628_190549,5,0.391375,0.50825,0.06375,0.0505
IMG_20230628_190549,5,0.251125,0.698375,0.05575,0.05275
IMG_20230628_190549,5,0.576,0.753375,0.0785,0.06675
IMG_20230628_190549,5,0.65975,0.591375,0.0615,0.05625
IMG_20230628_190549,5,0.70275,0.563,0.0485,0.059
IMG_20230628_190549,5,0.739875,0.581625,0.05875,0.05575
P_20221017_151954,5,0.301324,0.6773,0.064019,0.097656
P_20221017_151954,5,0.357205,0.688151,0.060764,0.078125
P_20221017_151954,5,0.810221,0.63661,0.07921,0.07921
IMG_20230628_185441,5,0.521625,0.288375,0.05625,0.04725
IMG_20230628_185441,5,0.1795,0.506375,0.065,0.06325
IMG_20230628_185441,5,0.2805,0.686125,0.057,0.05025
IMG_20230628_185441,5,0.375625,0.659875,0.03975,0.04625
IMG_20230628_185441,5,0.503875,0.657875,0.04975,0.05125
IMG_20230628_185441,5,0.56125,0.575375,0.0515,0.05275
1692243679276,5,0.262,0.63975,0.0425,0.0365
1692243679276,5,0.591625,0.680125,0.05075,0.05175
IMG_20230628_190258,5,0.400375,0.449375,0.04525,0.04075
IMG_20230628_190258,5,0.729125,0.517125,0.04575,0.04025
IMG_20230628_190258,5,0.745625,0.56,0.04525,0.039
IMG_20230628_190258,5,0.699,0.582625,0.046,0.03975
1692243678732,5,0.64525,0.558125,0.0475,0.05825
IMG01159,5,0.357639,0.383295,0.119599,0.110725
IMG01159,5,0.311535,0.517168,0.176312,0.14159
IMG01159,5,0.481289,0.537037,0.09375,0.098765
IMG01159,5,0.465856,0.667631,0.106867,0.120756
IMG_20230628_183635,5,0.37525,0.63025,0.06,0.054
IMG_20230628_182644,5,0.399875,0.735375,0.05225,0.05325
IMG_20230628_182644,5,0.4885,0.715125,0.042,0.05275
IMG_20230628_182644,5,0.50125,0.60625,0.0485,0.0615
IMG_20230628_182644,5,0.4255,0.58125,0.05,0.0475
1692243678711,5,0.283375,0.529125,0.04825,0.05125
1692243678711,5,0.65,0.338625,0.05,0.05075
P_20221014_150533,5,0.401042,0.486979,0.047309,0.049045
1692243678251,5,0.331625,0.4925,0.05775,0.052
1692243678251,5,0.589625,0.679,0.06025,0.0535
P_20221017_153705,5,0.546549,0.407118,0.046658,0.054253
1692243678680,5,0.463,0.370125,0.043,0.03725
1692243678680,5,0.459,0.712875,0.048,0.04675
1692243678680,5,0.4125,0.546875,0.055,0.04675
IMG00569,5,0.476466,0.353202,0.236883,0.165509
IMG00569,5,0.44483,0.50135,0.173611,0.130787
IMG00569,5,0.512346,0.603781,0.1875,0.154321
IMG_20230628_183738,5,0.68075,0.624,0.063,0.0605
IMG_20230628_183738,5,0.34475,0.6285,0.071,0.0755
IMG_20230628_184934,5,0.365125,0.602875,0.05875,0.06625
IMG_20230628_184934,5,0.5455,0.79225,0.063,0.0625
IMG_20230628_184934,5,0.627,0.777125,0.051,0.05675
IMG_20230628_183742,5,0.498,0.50975,0.0665,0.0615
IMG_20230628_183742,5,0.41,0.57075,0.0615,0.05
IMG_20230628_183742,5,0.3365,0.476,0.065,0.055
IMG_0538,5,0.390501,0.238839,0.163442,0.145833
IMG_0538,5,0.557168,0.424479,0.15749,0.121776
IMG_0538,5,0.456349,0.518973,0.104663,0.129216
IMG_0538,5,0.588914,0.574405,0.220982,0.199901
IMG_0538,5,0.062996,0.407366,0.121032,0.120288
IMG01148,5,0.136574,0.304977,0.104167,0.103009
IMG01148,5,0.78723,0.358796,0.109182,0.115741
IMG01148,5,0.353202,0.467593,0.089892,0.08642
IMG01148,5,0.453511,0.459298,0.095293,0.128472
IMG01148,5,0.508102,0.486111,0.111883,0.115741
IMG_E0886,5,0.238543,0.27014,0.132658,0.134105
IMG_E0886,5,0.581283,0.210082,0.114809,0.148095
IMG_E0886,5,0.478051,0.316691,0.115774,0.097926
IMG_E0886,5,0.523637,0.390014,0.131693,0.121081
IMG_E0886,5,0.457308,0.484322,0.113845,0.113845
IMG_E0886,5,0.18355,0.460685,0.125904,0.120598
IMG_E0886,5,0.178726,0.670285,0.123975,0.154848
IMG_E0886,5,0.540521,0.648818,0.129764,0.120598
IMG_E0886,5,0.635794,0.744091,0.127352,0.128799
1692243679352,5,0.468875,0.24725,0.07425,0.069
1692243679352,5,0.5685,0.70275,0.048,0.0435
IMG_20230628_182734,5,0.3845,0.616125,0.0515,0.04175
IMG_20230628_183809,5,0.73,0.515375,0.055,0.05275
IMG_20230628_183809,5,0.7115,0.5655,0.046,0.0515
IMG_20230628_183809,5,0.70075,0.629625,0.057,0.04875
IMG_20230628_183809,5,0.434125,0.72475,0.04825,0.0505
IMG_20230628_183809,5,0.587,0.755875,0.043,0.04925
1692243678054,5,0.7245,0.466,0.0665,0.0625
IMG_20230628_185420,5,0.432875,0.50675,0.05325,0.055
P_20221017_153510,5,0.453776,0.583984,0.060764,0.060764
1692243678218,5,0.70925,0.587875,0.056,0.05225
IMG01199,5,0.082562,0.687307,0.159722,0.213349
IMG01199,5,0.195409,0.453511,0.144676,0.172454
IMG01199,5,0.234182,0.321181,0.157407,0.139275
IMG01199,5,0.755594,0.205054,0.130015,0.13233
IMG01199,5,0.465471,0.185185,0.105324,0.118056
IMG01199,5,0.440394,0.368248,0.177855,0.248071
IMG01199,5,0.366319,0.643904,0.123071,0.150463
IMG01199,5,0.592207,0.549769,0.158951,0.151235
IMG01199,5,0.484375,0.666281,0.165509,0.118056
IMG01199,5,0.625772,0.662423,0.179012,0.151235
IMG01199,5,0.676119,0.452739,0.150077,0.139275
IMG01199,5,0.871721,0.331404,0.163966,0.155093
IMG01199,5,0.312307,0.443094,0.169367,0.172454
1692243678285,5,0.736875,0.53,0.05475,0.042
P_20221017_145632,5,0.409831,0.500977,0.07487,0.068359
P_20221014_144145,5,0.250434,0.605143,0.049913,0.04579
P_20221014_144145,5,0.480686,0.383355,0.047309,0.055339
P_20221014_144145,5,0.520399,0.378038,0.045139,0.054688
1692243680440,5,0.41875,0.2325,0.0525,0.049
1692243680440,5,0.64925,0.29375,0.0655,0.049
1692243680440,5,0.6405,0.366625,0.0555,0.05125
1692243680440,5,0.300625,0.489875,0.04925,0.05425
IMG_20230628_185151,5,0.631,0.505375,0.0485,0.04575
IMG_20230628_185151,5,0.274,0.40675,0.0465,0.0435
IMG_20230628_185151,5,0.28475,0.450375,0.052,0.04525
1692243678910,5,0.59125,0.5275,0.0755,0.067
IMG_7024,5,0.302543,0.686121,0.051777,0.057292
IMG_7024,5,0.354626,0.575674,0.063419,0.060662
1692243679139,5,0.261125,0.265125,0.05925,0.05275
1692243679139,5,0.659625,0.72275,0.06225,0.068
IMG01117,5,0.548032,0.290123,0.101466,0.114198
IMG01117,5,0.456019,0.369792,0.115741,0.101466
IMG01117,5,0.444637,0.506944,0.097608,0.100309
IMG01117,5,0.525656,0.553819,0.105324,0.099151
IMG01117,5,0.578318,0.64892,0.092593,0.098765
IMG01117,5,0.583526,0.461806,0.087577,0.102623
P_20221014_151449,5,0.694119,0.683811,0.044488,0.045573
IMG_20230628_185735,5,0.236125,0.458875,0.06275,0.05425
IMG_20230628_185735,5,0.2275,0.53125,0.0575,0.0465
IMG_20230628_185735,5,0.321125,0.572125,0.04725,0.04825
IMG_20230628_185735,5,0.343,0.520625,0.0475,0.04625
IMG_20230628_185735,5,0.496875,0.5655,0.07325,0.0585
IMG_20230628_185735,5,0.730375,0.5675,0.05975,0.0485
IMG_20230628_183802,5,0.558625,0.514,0.05475,0.0475
IMG_20230628_183802,5,0.38075,0.475875,0.049,0.04075
IMG_20230628_183802,5,0.746,0.483375,0.053,0.05225
1692243680298,5,0.338125,0.179875,0.05575,0.06675
1692243680298,5,0.3,0.40675,0.063,0.052
1692243680298,5,0.355,0.4255,0.0595,0.047
1692243680298,5,0.42975,0.4095,0.0485,0.0615
1692243680298,5,0.544125,0.514125,0.05775,0.06275
1692243680298,5,0.65675,0.41175,0.048,0.047
1692243680298,5,0.688875,0.448125,0.07225,0.08125
IMG00713,5,0.496335,0.478588,0.144676,0.099151
P_20221017_153625,5,0.414714,0.468967,0.069444,0.058594
IMG_20230628_183723,5,0.31275,0.2615,0.0475,0.043
IMG_20230628_183723,5,0.394875,0.289125,0.04675,0.04275
IMG_20230628_183723,5,0.5455,0.676875,0.048,0.05375
IMG_20230628_183723,5,0.44775,0.713875,0.0585,0.08325
IMG_20230628_183723,5,0.468125,0.777625,0.04375,0.05375
IMG_20230628_183723,5,0.1785,0.654125,0.049,0.05975
IMG_20230628_183723,5,0.303625,0.592875,0.06825,0.04375
P_20221017_150842,5,0.334418,0.556858,0.071615,0.088976
1692243678690,5,0.38575,0.343875,0.0565,0.05425
IMG01122,5,0.497106,0.37963,0.15162,0.090278
IMG01122,5,0.375386,0.467014,0.073302,0.136188
IMG01122,5,0.44946,0.531829,0.106481,0.121528
IMG01122,5,0.527971,0.477431,0.122299,0.106867
IMG01122,5,0.556134,0.540702,0.13233,0.109954
IMG01122,5,0.625965,0.493441,0.096836,0.125772
IMG01122,5,0.673225,0.380208,0.073302,0.128472
1692243679920,5,0.752125,0.50525,0.06775,0.056
1692243678898,5,0.682875,0.553625,0.07275,0.07825
1692243680133,5,0.322875,0.275875,0.05975,0.05625
1692243680133,5,0.20525,0.319375,0.0505,0.05225
1692243680133,5,0.24825,0.328,0.0425,0.0485
1692243680133,5,0.19625,0.42775,0.048,0.05
1692243680133,5,0.24575,0.448375,0.068,0.06025
1692243680133,5,0.414,0.4995,0.066,0.0515
1692243680133,5,0.4825,0.46625,0.0555,0.0615
1692243680133,5,0.4005,0.6365,0.0565,0.0575
1692243680133,5,0.491375,0.66325,0.05575,0.05
1692243680133,5,0.49525,0.58325,0.046,0.053
1692243680133,5,0.6125,0.687375,0.044,0.04775
1692243680133,5,0.761875,0.51175,0.07025,0.0635
1692243680133,5,0.551125,0.296,0.05675,0.0575
1692243677937,5,0.355625,0.58325,0.04375,0.0395
1692243677937,5,0.605125,0.26025,0.05725,0.052
IMG_20230628_183624,5,0.278125,0.421375,0.05625,0.05375
IMG_20230628_183624,5,0.25675,0.47225,0.049,0.052
IMG_20230628_183624,5,0.242625,0.53775,0.06075,0.05
IMG_20230628_183624,5,0.456875,0.606625,0.05425,0.04825
IMG_20230628_183624,5,0.4945,0.533625,0.046,0.04375
IMG_20230628_183624,5,0.51,0.505125,0.048,0.04125
IMG01124,5,0.429012,0.548032,0.216049,0.187886
1692243678766,5,0.20975,0.60175,0.049,0.046
IMG_9539,5,0.554381,0.313879,0.081189,0.07935
IMG_9539,5,0.642157,0.293964,0.09375,0.082414
IMG_9539,5,0.620558,0.535386,0.103248,0.102635
IMG_9539,5,0.482077,0.810968,0.094669,0.125
1692243679210,5,0.529625,0.485125,0.07825,0.06125
1692243679210,5,0.218,0.503375,0.049,0.04375
IMG01200,5,0.140046,0.363233,0.162809,0.14159
IMG01200,5,0.584105,0.173804,0.150463,0.092207
IMG_20230628_190028,5,0.184875,0.469125,0.06575,0.05675
IMG_20230628_190028,5,0.408375,0.525125,0.04675,0.06225
IMG_20230628_190028,5,0.6995,0.680125,0.0635,0.06525
IMG_20230628_184615,5,0.515625,0.327125,0.06525,0.06525
1692243679080,5,0.21525,0.317,0.049,0.042
1692243679080,5,0.326375,0.467,0.05125,0.0435
P_20221014_144924,5,0.50434,0.452474,0.06901,0.069878
P_20221014_144924,5,0.438802,0.702365,0.069878,0.073134
P_20221014_144924,5,0.536458,0.775933,0.064236,0.065755
IMG_20230628_183615,5,0.507,0.36575,0.045,0.042
1692243679764,5,0.55175,0.297375,0.0615,0.05425
1692243679438,5,0.24475,0.248375,0.0605,0.06475
1692243679438,5,0.33825,0.315875,0.064,0.06325
1692243679438,5,0.606625,0.286625,0.05175,0.05275
1692243680465,5,0.498125,0.2,0.04575,0.052
1692243680465,5,0.5245,0.1655,0.057,0.0555
1692243680465,5,0.5785,0.164,0.0565,0.0565
1692243680465,5,0.19975,0.511375,0.0645,0.04525
1692243680465,5,0.2295,0.555625,0.049,0.05175
1692243680465,5,0.393625,0.653375,0.05675,0.04375
1692243680465,5,0.392875,0.7195,0.05325,0.0585
1692243680465,5,0.476,0.75175,0.052,0.049
1692243680465,5,0.476625,0.555375,0.04325,0.05875
IMG_20230628_184209,5,0.54425,0.280375,0.053,0.05525
IMG_20230628_184209,5,0.599625,0.286125,0.05575,0.05175
IMG_20230628_184209,5,0.587125,0.576875,0.05375,0.05125
IMG_20230628_184209,5,0.495125,0.80925,0.07775,0.0765
IMG_20230628_185009,5,0.5925,0.67825,0.0445,0.046
1692243680672,5,0.6785,0.410875,0.057,0.06075
IMG_20230628_183008,5,0.367,0.37025,0.045,0.0485
IMG_20230628_183008,5,0.244625,0.38275,0.05525,0.042
IMG_20230628_183922,5,0.3905,0.68475,0.047,0.04
IMG_20230628_183922,5,0.413375,0.590625,0.04875,0.04775
IMG_20230628_183922,5,0.372875,0.647375,0.03825,0.04425
IMG_20230628_183922,5,0.583125,0.42425,0.05825,0.0565
IMG_20230628_183922,5,0.676875,0.362375,0.05925,0.06025
1692243680172,5,0.4465,0.30575,0.058,0.049
1692243678125,5,0.181375,0.442,0.05625,0.0425
1692243678125,5,0.1805,0.52,0.0505,0.0475
P_20221017_151933,5,0.390842,0.668077,0.091146,0.07704
IMG00242,5,0.195988,0.359182,0.252315,0.185957
IMG00242,5,0.48534,0.548804,0.191358,0.148534
IMG00242,5,0.176119,0.629437,0.11304,0.172454
IMG00242,5,0.08179,0.804977,0.108796,0.140046
IMG00242,5,0.336613,0.586806,0.100694,0.147377
IMG00242,5,0.377122,0.696952,0.165509,0.100694
IMG00242,5,0.696759,0.535687,0.16821,0.119985
IMG00242,5,0.685185,0.666474,0.114198,0.130787
IMG00242,5,0.855324,0.545332,0.143519,0.14159
P_20221017_145858,5,0.259549,0.467882,0.071615,0.062934
IMG_0633,5,0.243924,0.188244,0.044891,0.052083
IMG_0633,5,0.237723,0.366567,0.054315,0.053075
IMG_0633,5,0.194568,0.49628,0.059772,0.052083
IMG_0633,5,0.322669,0.394717,0.048611,0.043403
IMG_0633,5,0.422247,0.323661,0.042907,0.045139
IMG_0633,5,0.515129,0.520585,0.053075,0.058532
IMG_0633,5,0.630456,0.431672,0.059524,0.069692
IMG_0633,5,0.577381,0.346974,0.052579,0.053075
1692243680415,5,0.279625,0.230875,0.05225,0.05175
1692243680415,5,0.404125,0.252125,0.06675,0.05275
1692243680415,5,0.77725,0.469375,0.059,0.05275
1692243680415,5,0.34225,0.5,0.0555,0.0545
1692243680415,5,0.504875,0.51075,0.07075,0.051
1692243680415,5,0.583625,0.620125,0.06575,0.06525
1692243680415,5,0.626,0.669,0.0545,0.066
1692243680415,5,0.33575,0.668375,0.06,0.06075
1692243679199,5,0.69025,0.455,0.079,0.0575
IMG_20230628_184940,5,0.53275,0.629375,0.0615,0.04675
IMG_20230628_190048,5,0.27675,0.6005,0.0745,0.053
IMG_20230628_190048,5,0.327375,0.62175,0.05875,0.057
IMG_20230628_190048,5,0.729375,0.51225,0.05925,0.0555
1692243679606,5,0.59525,0.47,0.064,0.072
1692243680452,5,0.371125,0.16725,0.05875,0.051
1692243680452,5,0.5105,0.25,0.049,0.0465
1692243680452,5,0.3975,0.2855,0.052,0.0545
1692243680452,5,0.644625,0.3075,0.04925,0.045
1692243680452,5,0.750375,0.311375,0.04525,0.04975
1692243680452,5,0.270125,0.526625,0.05225,0.06525
1692243680452,5,0.375125,0.656375,0.05725,0.06025
1692243680452,5,0.314875,0.5405,0.04225,0.041
